timestamp,target
2018-01-01 00:00:00,3.2924347
2018-01-01 01:00:00,3.2996788
2018-01-01 02:00:00,3.3020904
2018-01-01 03:00:00,3.3049967
2018-01-01 04:00:00,3.3104563
2018-01-01 05:00:00,3.3087041
2018-01-01 06:00:00,3.3160038
2018-01-01 07:00:00,3.3156579
2018-01-01 08:00:00,3.305378
2018-01-01 09:00:00,3.2947187
2018-01-01 10:00:00,3.3078063
2018-01-01 11:00:00,3.3145046
2018-01-01 12:00:00,3.300057
2018-01-01 13:00:00,3.3069165
2018-01-01 14:00:00,3.3107252
2018-01-01 15:00:00,3.2984319
2018-01-01 16:00:00,3.3040454
2018-01-01 17:00:00,3.310256
2018-01-01 18:00:00,3.32277
2018-01-01 19:00:00,3.3168905
2018-01-01 20:00:00,3.3053286
2018-01-01 21:00:00,3.3099108
2018-01-01 22:00:00,3.290485
2018-01-01 23:00:00,3.2903903
2018-01-02 00:00:00,3.2893033
2018-01-02 01:00:00,3.2932172
2018-01-02 02:00:00,3.3054042
2018-01-02 03:00:00,3.2963617
2018-01-02 04:00:00,3.2961981
2018-01-02 05:00:00,3.29857
2018-01-02 06:00:00,3.2974508
2018-01-02 07:00:00,3.289763
2018-01-02 08:00:00,3.2971213
2018-01-02 09:00:00,3.2943215
2018-01-02 10:00:00,3.3024337
2018-01-02 11:00:00,3.3076127
2018-01-02 12:00:00,3.3136828
2018-01-02 13:00:00,3.2300987
2018-01-02 14:00:00,3.0301838
2018-01-02 15:00:00,3.0333865
2018-01-02 16:00:00,3.2339268
2018-01-02 17:00:00,3.2534993
2018-01-02 18:00:00,3.3316245
2018-01-02 19:00:00,3.3125815
2018-01-02 20:00:00,3.3224375
2018-01-02 21:00:00,3.263365
2018-01-02 22:00:00,3.260741
2018-01-02 23:00:00,3.2585657
2018-01-03 00:00:00,3.258763
2018-01-03 01:00:00,3.2577639
2018-01-03 02:00:00,3.2571027
2018-01-03 03:00:00,3.191802
2018-01-03 04:00:00,3.2475338
2018-01-03 05:00:00,3.1393678
2018-01-03 06:00:00,3.144753
2018-01-03 07:00:00,3.1345012
2018-01-03 08:00:00,3.153855
2018-01-03 09:00:00,3.137117
2018-01-03 10:00:00,3.2567012
2018-01-03 11:00:00,3.259726
2018-01-03 12:00:00,3.1891336
2018-01-03 13:00:00,3.0706704
2018-01-03 14:00:00,3.125888
2018-01-03 15:00:00,3.201553
2018-01-03 16:00:00,3.2065642
2018-01-03 17:00:00,3.199186
2018-01-03 18:00:00,3.2155907
2018-01-03 19:00:00,3.217551
2018-01-03 20:00:00,3.2155468
2018-01-03 21:00:00,3.2077785
2018-01-03 22:00:00,3.2148128
2018-01-03 23:00:00,3.2178836
2018-01-04 00:00:00,3.2182007
2018-01-04 01:00:00,3.2182865
2018-01-04 02:00:00,3.2182732
2018-01-04 03:00:00,3.2182863
2018-01-04 04:00:00,3.218361
2018-01-04 05:00:00,3.2186723
2018-01-04 06:00:00,3.1779952
2018-01-04 07:00:00,2.8097062
2018-01-04 08:00:00,2.802424
2018-01-04 09:00:00,2.7932982
2018-01-04 10:00:00,2.8296463
2018-01-04 11:00:00,3.019211
2018-01-04 12:00:00,2.9328358
2018-01-04 13:00:00,2.902085
2018-01-04 14:00:00,2.9003556
2018-01-04 15:00:00,2.9375308
2018-01-04 16:00:00,2.8699803
2018-01-04 17:00:00,2.7613206
2018-01-04 18:00:00,2.7790148
2018-01-04 19:00:00,2.7348783
2018-01-04 20:00:00,2.7285006
2018-01-04 21:00:00,3.0236256
2018-01-04 22:00:00,3.1689436
2018-01-04 23:00:00,3.1792305
2018-01-05 00:00:00,3.173292
2018-01-05 01:00:00,3.1793725
2018-01-05 02:00:00,3.141894
2018-01-05 03:00:00,3.017831
2018-01-05 04:00:00,3.0035834
2018-01-05 05:00:00,3.1779926
2018-01-05 06:00:00,3.1873722
2018-01-05 07:00:00,3.2082925
2018-01-05 08:00:00,3.2345202
2018-01-05 09:00:00,3.2364466
2018-01-05 10:00:00,3.2551389
2018-01-05 11:00:00,3.2432842
2018-01-05 12:00:00,3.233084
2018-01-05 13:00:00,3.2455714
2018-01-05 14:00:00,3.2127495
2018-01-05 15:00:00,3.200501
2018-01-05 16:00:00,3.223112
2018-01-05 17:00:00,3.160301
2018-01-05 18:00:00,3.2440882
2018-01-05 19:00:00,3.1949508
2018-01-05 20:00:00,3.2086859
2018-01-05 21:00:00,3.0281413
2018-01-05 22:00:00,3.2131705
2018-01-05 23:00:00,2.9982607
2018-01-06 00:00:00,3.1584902
2018-01-06 01:00:00,2.9029257
2018-01-06 02:00:00,3.0445182
2018-01-06 03:00:00,3.2132478
2018-01-06 04:00:00,3.273228
2018-01-06 05:00:00,3.3474379
2018-01-06 06:00:00,3.3688924
2018-01-06 07:00:00,3.372817
2018-01-06 08:00:00,3.4055789
2018-01-06 09:00:00,3.3779063
2018-01-06 10:00:00,3.3580344
2018-01-06 11:00:00,3.3141015
2018-01-06 12:00:00,3.32632
2018-01-06 13:00:00,3.3504345
2018-01-06 14:00:00,3.3367424
2018-01-06 15:00:00,3.3161974
2018-01-06 16:00:00,3.3499207
2018-01-06 17:00:00,3.3413792
2018-01-06 18:00:00,3.341731
2018-01-06 19:00:00,3.3337958
2018-01-06 20:00:00,3.3652565
2018-01-06 21:00:00,3.3709438
2018-01-06 22:00:00,3.3772151
2018-01-06 23:00:00,3.3784478
2018-01-07 00:00:00,3.3822715
2018-01-07 01:00:00,3.3743083
2018-01-07 02:00:00,3.3751488
2018-01-07 03:00:00,3.3743727
2018-01-07 04:00:00,3.3565085
2018-01-07 05:00:00,3.356629
2018-01-07 06:00:00,3.3333092
2018-01-07 07:00:00,3.335834
2018-01-07 08:00:00,3.3335557
2018-01-07 09:00:00,3.3578966
2018-01-07 10:00:00,3.3324518
2018-01-07 11:00:00,3.3152955
2018-01-07 12:00:00,3.2885513
2018-01-07 13:00:00,3.3264596
2018-01-07 14:00:00,3.3223662
2018-01-07 15:00:00,3.3379278
2018-01-07 16:00:00,3.36516
2018-01-07 17:00:00,3.3465383
2018-01-07 18:00:00,3.3315363
2018-01-07 19:00:00,3.3422067
2018-01-07 20:00:00,3.3540208
2018-01-07 21:00:00,3.3648438
2018-01-07 22:00:00,3.3649404
2018-01-07 23:00:00,3.3631775
2018-01-08 00:00:00,3.3599808
2018-01-08 01:00:00,3.3549523
2018-01-08 02:00:00,3.3584316
2018-01-08 03:00:00,3.372034
2018-01-08 04:00:00,3.353124
2018-01-08 05:00:00,3.35006
2018-01-08 06:00:00,3.359893
2018-01-08 07:00:00,3.3619115
2018-01-08 08:00:00,3.361898
2018-01-08 09:00:00,3.3536677
2018-01-08 10:00:00,3.3602943
2018-01-08 11:00:00,3.3645835
2018-01-08 12:00:00,3.362975
2018-01-08 13:00:00,3.3575077
2018-01-08 14:00:00,3.3566744
2018-01-08 15:00:00,3.3824816
2018-01-08 16:00:00,3.3943083
2018-01-08 17:00:00,3.3876357
2018-01-08 18:00:00,3.3782651
2018-01-08 19:00:00,3.3879273
2018-01-08 20:00:00,3.3683627
2018-01-08 21:00:00,3.371907
2018-01-08 22:00:00,3.3769846
2018-01-08 23:00:00,3.3956337
2018-01-09 00:00:00,3.3857014
2018-01-09 01:00:00,3.3783002
2018-01-09 02:00:00,3.3870697
2018-01-09 03:00:00,3.3987958
2018-01-09 04:00:00,3.415531
2018-01-09 05:00:00,3.4222088
2018-01-09 06:00:00,3.401107
2018-01-09 07:00:00,3.409165
2018-01-09 08:00:00,3.406944
2018-01-09 09:00:00,3.407487
2018-01-09 10:00:00,3.4032915
2018-01-09 11:00:00,3.405192
2018-01-09 12:00:00,3.3800309
2018-01-09 13:00:00,3.3886373
2018-01-09 14:00:00,3.3927271
2018-01-09 15:00:00,3.396519
2018-01-09 16:00:00,3.3521442
2018-01-09 17:00:00,3.3657835
2018-01-09 18:00:00,3.345846
2018-01-09 19:00:00,3.3315556
2018-01-09 20:00:00,3.337196
2018-01-09 21:00:00,3.3473127
2018-01-09 22:00:00,3.3662832
2018-01-09 23:00:00,3.3601594
2018-01-10 00:00:00,3.383906
2018-01-10 01:00:00,3.36334
2018-01-10 02:00:00,3.3678904
2018-01-10 03:00:00,3.3683379
2018-01-10 04:00:00,3.3917823
2018-01-10 05:00:00,3.389139
2018-01-10 06:00:00,3.3987694
2018-01-10 07:00:00,3.3935287
2018-01-10 08:00:00,3.3950434
2018-01-10 09:00:00,3.4120233
2018-01-10 10:00:00,3.4190564
2018-01-10 11:00:00,3.4151049
2018-01-10 12:00:00,3.407739
2018-01-10 13:00:00,3.4152868
2018-01-10 14:00:00,3.3939857
2018-01-10 15:00:00,3.4096258
2018-01-10 16:00:00,3.3956394
2018-01-10 17:00:00,3.3986635
2018-01-10 18:00:00,3.3972194
2018-01-10 19:00:00,3.4005704
2018-01-10 20:00:00,3.4043307
2018-01-10 21:00:00,3.390724
2018-01-10 22:00:00,3.3929765
2018-01-10 23:00:00,3.3751867
2018-01-11 00:00:00,3.376726
2018-01-11 01:00:00,3.3675742
2018-01-11 02:00:00,3.3620412
2018-01-11 03:00:00,3.2951813
2018-01-11 04:00:00,3.2899084
2018-01-11 05:00:00,3.2654538
2018-01-11 06:00:00,3.2585926
2018-01-11 07:00:00,3.180972
2018-01-11 08:00:00,3.2501698
2018-01-11 09:00:00,3.2579937
2018-01-11 10:00:00,3.2953696
2018-01-11 11:00:00,3.3093998
2018-01-11 12:00:00,3.2984245
2018-01-11 13:00:00,3.3088274
2018-01-11 14:00:00,3.3348181
2018-01-11 15:00:00,3.3361251
2018-01-11 16:00:00,3.3695478
2018-01-11 17:00:00,3.3492036
2018-01-11 18:00:00,3.3696043
2018-01-11 19:00:00,3.3769364
2018-01-11 20:00:00,3.3937228
2018-01-11 21:00:00,3.37229
2018-01-11 22:00:00,3.404038
2018-01-11 23:00:00,3.3959157
2018-01-12 00:00:00,3.4098704
2018-01-12 01:00:00,3.4093013
2018-01-12 02:00:00,3.3991735
2018-01-12 03:00:00,3.3980272
2018-01-12 04:00:00,3.4125273
2018-01-12 05:00:00,3.4086063
2018-01-12 06:00:00,3.3841891
2018-01-12 07:00:00,3.4094605
2018-01-12 08:00:00,3.420039
2018-01-12 09:00:00,3.4073994
2018-01-12 10:00:00,3.4150538
2018-01-12 11:00:00,3.430807
2018-01-12 12:00:00,3.4419444
2018-01-12 13:00:00,3.4017665
2018-01-12 14:00:00,3.395158
2018-01-12 15:00:00,3.4052231
2018-01-12 16:00:00,3.4006906
2018-01-12 17:00:00,3.3841345
2018-01-12 18:00:00,3.3739755
2018-01-12 19:00:00,3.374926
2018-01-12 20:00:00,3.3737316
2018-01-12 21:00:00,3.3825476
2018-01-12 22:00:00,3.3813763
2018-01-12 23:00:00,3.3875256
2018-01-13 00:00:00,3.391045
2018-01-13 01:00:00,3.3920362
2018-01-13 02:00:00,3.387603
2018-01-13 03:00:00,3.3841426
2018-01-13 04:00:00,3.385721
2018-01-13 05:00:00,3.3702908
2018-01-13 06:00:00,3.3490796
2018-01-13 07:00:00,3.3331206
2018-01-13 08:00:00,3.322213
2018-01-13 09:00:00,3.3163023
2018-01-13 10:00:00,3.319886
2018-01-13 11:00:00,3.3166597
2018-01-13 12:00:00,3.3191707
2018-01-13 13:00:00,3.3242157
2018-01-13 14:00:00,3.3414044
2018-01-13 15:00:00,3.3391485
2018-01-13 16:00:00,3.3313582
2018-01-13 17:00:00,3.3295527
2018-01-13 18:00:00,3.3277962
2018-01-13 19:00:00,3.3200758
2018-01-13 20:00:00,3.328021
2018-01-13 21:00:00,3.3333755
2018-01-13 22:00:00,3.333377
2018-01-13 23:00:00,3.3394437
2018-01-14 00:00:00,3.3437307
2018-01-14 01:00:00,3.3497176
2018-01-14 02:00:00,3.3614144
2018-01-14 03:00:00,3.3770993
2018-01-14 04:00:00,3.3821316
2018-01-14 05:00:00,3.3852916
2018-01-14 06:00:00,3.4045446
2018-01-14 07:00:00,3.4049778
2018-01-14 08:00:00,3.4102337
2018-01-14 09:00:00,3.4143143
2018-01-14 10:00:00,3.4147077
2018-01-14 11:00:00,3.405255
2018-01-14 12:00:00,3.4051962
2018-01-14 13:00:00,3.4062629
2018-01-14 14:00:00,3.4019625
2018-01-14 15:00:00,3.40094
2018-01-14 16:00:00,3.4019344
2018-01-14 17:00:00,3.4110653
2018-01-14 18:00:00,3.4054866
2018-01-14 19:00:00,3.4069116
2018-01-14 20:00:00,3.4056087
2018-01-14 21:00:00,3.4029427
2018-01-14 22:00:00,3.40231
2018-01-14 23:00:00,3.4037158
2018-01-15 00:00:00,3.3974226
2018-01-15 01:00:00,3.398368
2018-01-15 02:00:00,3.4031632
2018-01-15 03:00:00,3.4073503
2018-01-15 04:00:00,3.408541
2018-01-15 05:00:00,3.408427
2018-01-15 06:00:00,3.4192886
2018-01-15 07:00:00,3.4252906
2018-01-15 08:00:00,3.42956
2018-01-15 09:00:00,3.4393637
2018-01-15 10:00:00,3.4451053
2018-01-15 11:00:00,3.4430532
2018-01-15 12:00:00,3.4410367
2018-01-15 13:00:00,3.4361675
2018-01-15 14:00:00,3.4391403
2018-01-15 15:00:00,3.4355164
2018-01-15 16:00:00,3.4242198
2018-01-15 17:00:00,3.3623228
2018-01-15 18:00:00,3.3771405
2018-01-15 19:00:00,3.3681297
2018-01-15 20:00:00,3.3829849
2018-01-15 21:00:00,3.3820384
2018-01-15 22:00:00,3.373162
2018-01-15 23:00:00,3.3730361
2018-01-16 00:00:00,3.3916736
2018-01-16 01:00:00,3.4024234
2018-01-16 02:00:00,3.3935678
2018-01-16 03:00:00,3.3947477
2018-01-16 04:00:00,3.398544
2018-01-16 05:00:00,3.4042828
2018-01-16 06:00:00,3.406033
2018-01-16 07:00:00,3.4064198
2018-01-16 08:00:00,3.3917313
2018-01-16 09:00:00,3.4140565
2018-01-16 10:00:00,3.4174683
2018-01-16 11:00:00,3.4160388
2018-01-16 12:00:00,3.421035
2018-01-16 13:00:00,3.4227004
2018-01-16 14:00:00,3.4225943
2018-01-16 15:00:00,3.4252696
2018-01-16 16:00:00,3.4186974
2018-01-16 17:00:00,3.4333868
2018-01-16 18:00:00,3.4271626
2018-01-16 19:00:00,3.4291368
2018-01-16 20:00:00,3.4325583
2018-01-16 21:00:00,3.4170148
2018-01-16 22:00:00,3.4217358
2018-01-16 23:00:00,3.4198763
2018-01-17 00:00:00,3.4105482
2018-01-17 01:00:00,3.4216397
2018-01-17 02:00:00,3.405102
2018-01-17 03:00:00,3.3809555
2018-01-17 04:00:00,3.391323
2018-01-17 05:00:00,3.4018779
2018-01-17 06:00:00,3.4003806
2018-01-17 07:00:00,3.386082
2018-01-17 08:00:00,3.3855255
2018-01-17 09:00:00,3.3776624
2018-01-17 10:00:00,3.377038
2018-01-17 11:00:00,3.3931842
2018-01-17 12:00:00,3.394921
2018-01-17 13:00:00,3.4074888
2018-01-17 14:00:00,3.407516
2018-01-17 15:00:00,3.4030435
2018-01-17 16:00:00,3.40843
2018-01-17 17:00:00,3.413479
2018-01-17 18:00:00,3.4206905
2018-01-17 19:00:00,3.4195702
2018-01-17 20:00:00,3.4190373
2018-01-17 21:00:00,3.4328547
2018-01-17 22:00:00,3.4267027
2018-01-17 23:00:00,3.4255493
2018-01-18 00:00:00,3.4321308
2018-01-18 01:00:00,3.4392788
2018-01-18 02:00:00,3.4352734
2018-01-18 03:00:00,3.4363542
2018-01-18 04:00:00,3.4306169
2018-01-18 05:00:00,3.4367614
2018-01-18 06:00:00,3.437626
2018-01-18 07:00:00,3.4386733
2018-01-18 08:00:00,3.4409091
2018-01-18 09:00:00,3.4434247
2018-01-18 10:00:00,3.4361594
2018-01-18 11:00:00,3.4443765
2018-01-18 12:00:00,3.4474263
2018-01-18 13:00:00,3.4406333
2018-01-18 14:00:00,3.4426746
2018-01-18 15:00:00,3.439
2018-01-18 16:00:00,3.426478
2018-01-18 17:00:00,3.4219666
2018-01-18 18:00:00,3.4265432
2018-01-18 19:00:00,3.4266381
2018-01-18 20:00:00,3.4204643
2018-01-18 21:00:00,3.408845
2018-01-18 22:00:00,3.4213138
2018-01-18 23:00:00,3.4128144
2018-01-19 00:00:00,3.4188092
2018-01-19 01:00:00,3.4188597
2018-01-19 02:00:00,3.404103
2018-01-19 03:00:00,3.418553
2018-01-19 04:00:00,3.4302084
2018-01-19 05:00:00,3.4321418
2018-01-19 06:00:00,3.433435
2018-01-19 07:00:00,3.4279554
2018-01-19 08:00:00,3.4257827
2018-01-19 09:00:00,3.4303672
2018-01-19 10:00:00,3.4351661
2018-01-19 11:00:00,3.417866
2018-01-19 12:00:00,3.3794823
2018-01-19 13:00:00,3.3854883
2018-01-19 14:00:00,3.3898718
2018-01-19 15:00:00,3.3998463
2018-01-19 16:00:00,3.3995867
2018-01-19 17:00:00,3.402259
2018-01-19 18:00:00,3.3931897
2018-01-19 19:00:00,3.4087095
2018-01-19 20:00:00,3.398441
2018-01-19 21:00:00,3.4059377
2018-01-19 22:00:00,3.402489
2018-01-19 23:00:00,3.4063606
2018-01-20 00:00:00,3.407434
2018-01-20 01:00:00,3.4196954
2018-01-20 02:00:00,3.422769
2018-01-20 03:00:00,3.4252903
2018-01-20 04:00:00,3.4201105
2018-01-20 05:00:00,3.429885
2018-01-20 06:00:00,3.420176
2018-01-20 07:00:00,3.4234052
2018-01-20 08:00:00,3.4228585
2018-01-20 09:00:00,3.3998282
2018-01-20 10:00:00,3.4208226
2018-01-20 11:00:00,3.4228146
2018-01-20 12:00:00,3.425515
2018-01-20 13:00:00,3.4270627
2018-01-20 14:00:00,3.4257686
2018-01-20 15:00:00,3.4330626
2018-01-20 16:00:00,3.4266675
2018-01-20 17:00:00,3.4386451
2018-01-20 18:00:00,3.4415185
2018-01-20 19:00:00,3.4392571
2018-01-20 20:00:00,3.4381175
2018-01-20 21:00:00,3.4391212
2018-01-20 22:00:00,3.4381254
2018-01-20 23:00:00,3.434505
2018-01-21 00:00:00,3.440261
2018-01-21 01:00:00,3.4303427
2018-01-21 02:00:00,3.4297483
2018-01-21 03:00:00,3.4281237
2018-01-21 04:00:00,3.4231277
2018-01-21 05:00:00,3.4309638
2018-01-21 06:00:00,3.4281604
2018-01-21 07:00:00,3.424848
2018-01-21 08:00:00,3.4242568
2018-01-21 09:00:00,3.4241848
2018-01-21 10:00:00,3.4273798
2018-01-21 11:00:00,3.398219
2018-01-21 12:00:00,3.3684864
2018-01-21 13:00:00,3.3458762
2018-01-21 14:00:00,3.3313766
2018-01-21 15:00:00,3.3238058
2018-01-21 16:00:00,3.3124075
2018-01-21 17:00:00,3.305015
2018-01-21 18:00:00,3.3015075
2018-01-21 19:00:00,3.2939951
2018-01-21 20:00:00,3.291616
2018-01-21 21:00:00,3.2885592
2018-01-21 22:00:00,3.2849796
2018-01-21 23:00:00,3.2822554
2018-01-22 00:00:00,3.2785301
2018-01-22 01:00:00,3.2781587
2018-01-22 02:00:00,3.2772784
2018-01-22 03:00:00,3.275932
2018-01-22 04:00:00,3.27653
2018-01-22 05:00:00,3.2779663
2018-01-22 06:00:00,3.2792633
2018-01-22 07:00:00,3.275927
2018-01-22 08:00:00,3.2744904
2018-01-22 09:00:00,3.2683623
2018-01-22 10:00:00,3.259922
2018-01-22 11:00:00,3.2545943
2018-01-22 12:00:00,3.2545009
2018-01-22 13:00:00,3.2492661
2018-01-22 14:00:00,3.2532134
2018-01-22 15:00:00,3.252556
2018-01-22 16:00:00,3.2526414
2018-01-22 17:00:00,3.2535496
2018-01-22 18:00:00,3.2551088
2018-01-22 19:00:00,3.2532625
2018-01-22 20:00:00,3.251935
2018-01-22 21:00:00,3.2523098
2018-01-22 22:00:00,3.2508943
2018-01-22 23:00:00,3.2492406
2018-01-23 00:00:00,3.2492065
2018-01-23 01:00:00,3.2499661
2018-01-23 02:00:00,3.2475848
2018-01-23 03:00:00,3.246195
2018-01-23 04:00:00,3.250226
2018-01-23 05:00:00,3.2565084
2018-01-23 06:00:00,3.2663653
2018-01-23 07:00:00,3.271005
2018-01-23 08:00:00,3.279678
2018-01-23 09:00:00,3.2767851
2018-01-23 10:00:00,3.28152
2018-01-23 11:00:00,3.281583
2018-01-23 12:00:00,3.28255
2018-01-23 13:00:00,3.2838671
2018-01-23 14:00:00,3.2832453
2018-01-23 15:00:00,3.283091
2018-01-23 16:00:00,3.2822163
2018-01-23 17:00:00,3.2818098
2018-01-23 18:00:00,3.2806373
2018-01-23 19:00:00,3.2777963
2018-01-23 20:00:00,3.2793853
2018-01-23 21:00:00,3.2796443
2018-01-23 22:00:00,3.2794247
2018-01-23 23:00:00,3.281084
2018-01-24 00:00:00,3.2815504
2018-01-24 01:00:00,3.281906
2018-01-24 02:00:00,3.2818432
2018-01-24 03:00:00,3.2815595
2018-01-24 04:00:00,3.2828445
2018-01-24 05:00:00,3.2823167
2018-01-24 06:00:00,3.2829633
2018-01-24 07:00:00,3.283794
2018-01-24 08:00:00,3.2821803
2018-01-24 09:00:00,3.2834697
2018-01-24 10:00:00,3.2809653
2018-01-24 11:00:00,3.2817163
2018-01-24 12:00:00,3.2832248
2018-01-24 13:00:00,3.2821608
2018-01-24 14:00:00,3.2823172
2018-01-24 15:00:00,3.2829556
2018-01-24 16:00:00,3.2844348
2018-01-24 17:00:00,3.2899718
2018-01-24 18:00:00,3.286981
2018-01-24 19:00:00,3.2869563
2018-01-24 20:00:00,3.2878952
2018-01-24 21:00:00,3.2846107
2018-01-24 22:00:00,3.2852187
2018-01-24 23:00:00,3.2858365
2018-01-25 00:00:00,3.2867532
2018-01-25 01:00:00,3.2816572
2018-01-25 02:00:00,3.2822924
2018-01-25 03:00:00,3.2832973
2018-01-25 04:00:00,3.2868686
2018-01-25 05:00:00,3.2851348
2018-01-25 06:00:00,3.2824216
2018-01-25 07:00:00,3.2851987
2018-01-25 08:00:00,3.2860196
2018-01-25 09:00:00,3.284847
2018-01-25 10:00:00,3.2870104
2018-01-25 11:00:00,3.287257
2018-01-25 12:00:00,3.2834322
2018-01-25 13:00:00,3.2886908
2018-01-25 14:00:00,3.2848246
2018-01-25 15:00:00,3.2897332
2018-01-25 16:00:00,3.2910018
2018-01-25 17:00:00,3.2868733
2018-01-25 18:00:00,3.2883966
2018-01-25 19:00:00,3.286297
2018-01-25 20:00:00,3.2868965
2018-01-25 21:00:00,3.2856414
2018-01-25 22:00:00,3.2841475
2018-01-25 23:00:00,3.2834508
2018-01-26 00:00:00,3.2842174
2018-01-26 01:00:00,3.2827504
2018-01-26 02:00:00,3.2860155
2018-01-26 03:00:00,3.28263
2018-01-26 04:00:00,3.284066
2018-01-26 05:00:00,3.2809362
2018-01-26 06:00:00,3.282569
2018-01-26 07:00:00,3.2838552
2018-01-26 08:00:00,3.2858076
2018-01-26 09:00:00,3.2856448
2018-01-26 10:00:00,3.2859294
2018-01-26 11:00:00,3.285971
2018-01-26 12:00:00,3.2921698
2018-01-26 13:00:00,3.292912
2018-01-26 14:00:00,3.2847693
2018-01-26 15:00:00,3.2926617
2018-01-26 16:00:00,3.2872505
2018-01-26 17:00:00,3.2836037
2018-01-26 18:00:00,3.2878244
2018-01-26 19:00:00,3.2783346
2018-01-26 20:00:00,3.2802591
2018-01-26 21:00:00,3.283303
2018-01-26 22:00:00,3.278161
2018-01-26 23:00:00,3.2789161
2018-01-27 00:00:00,3.2769208
2018-01-27 01:00:00,3.2810109
2018-01-27 02:00:00,3.282964
2018-01-27 03:00:00,3.281441
2018-01-27 04:00:00,3.2853308
2018-01-27 05:00:00,3.285398
2018-01-27 06:00:00,3.2838624
2018-01-27 07:00:00,3.285248
2018-01-27 08:00:00,3.2873433
2018-01-27 09:00:00,3.2862353
2018-01-27 10:00:00,3.2883015
2018-01-27 11:00:00,3.2891166
2018-01-27 12:00:00,3.2918456
2018-01-27 13:00:00,3.2868168
2018-01-27 14:00:00,3.2940075
2018-01-27 15:00:00,3.3035014
2018-01-27 16:00:00,3.3027427
2018-01-27 17:00:00,3.3145561
2018-01-27 18:00:00,3.322739
2018-01-27 19:00:00,3.3269773
2018-01-27 20:00:00,3.3183415
2018-01-27 21:00:00,3.3236036
2018-01-27 22:00:00,3.3273623
2018-01-27 23:00:00,3.3124557
2018-01-28 00:00:00,3.311894
2018-01-28 01:00:00,3.314217
2018-01-28 02:00:00,3.3154259
2018-01-28 03:00:00,3.3144336
2018-01-28 04:00:00,3.3119922
2018-01-28 05:00:00,3.3186386
2018-01-28 06:00:00,3.3236663
2018-01-28 07:00:00,3.3242245
2018-01-28 08:00:00,3.3188243
2018-01-28 09:00:00,3.3183267
2018-01-28 10:00:00,3.3162076
2018-01-28 11:00:00,3.3150408
2018-01-28 12:00:00,3.3142908
2018-01-28 13:00:00,3.3164084
2018-01-28 14:00:00,3.3182695
2018-01-28 15:00:00,3.3217134
2018-01-28 16:00:00,3.3276145
2018-01-28 17:00:00,3.3320117
2018-01-28 18:00:00,3.3393056
2018-01-28 19:00:00,3.3429189
2018-01-28 20:00:00,3.3481095
2018-01-28 21:00:00,3.3573773
2018-01-28 22:00:00,3.365943
2018-01-28 23:00:00,3.3649056
2018-01-29 00:00:00,3.3658497
2018-01-29 01:00:00,3.3764017
2018-01-29 02:00:00,3.3817081
2018-01-29 03:00:00,3.4037158
2018-01-29 04:00:00,3.4172697
2018-01-29 05:00:00,3.4241595
2018-01-29 06:00:00,3.4285278
2018-01-29 07:00:00,3.424131
2018-01-29 08:00:00,3.4278412
2018-01-29 09:00:00,3.4261706
2018-01-29 10:00:00,3.4232612
2018-01-29 11:00:00,3.426088
2018-01-29 12:00:00,3.4288347
2018-01-29 13:00:00,3.4265282
2018-01-29 14:00:00,3.4337206
2018-01-29 15:00:00,3.4309144
2018-01-29 16:00:00,3.4308019
2018-01-29 17:00:00,3.4328048
2018-01-29 18:00:00,3.428213
2018-01-29 19:00:00,3.4306598
2018-01-29 20:00:00,3.4322202
2018-01-29 21:00:00,3.4257636
2018-01-29 22:00:00,3.4246013
2018-01-29 23:00:00,3.4331393
2018-01-30 00:00:00,3.4225073
2018-01-30 01:00:00,3.4283102
2018-01-30 02:00:00,3.429897
2018-01-30 03:00:00,3.424155
2018-01-30 04:00:00,3.4272501
2018-01-30 05:00:00,3.4229164
2018-01-30 06:00:00,3.4285555
2018-01-30 07:00:00,3.4313614
2018-01-30 08:00:00,3.42787
2018-01-30 09:00:00,3.426918
2018-01-30 10:00:00,3.4293
2018-01-30 11:00:00,3.43434
2018-01-30 12:00:00,3.4298801
2018-01-30 13:00:00,3.4264286
2018-01-30 14:00:00,3.423978
2018-01-30 15:00:00,3.4268475
2018-01-30 16:00:00,3.4244819
2018-01-30 17:00:00,3.4226112
2018-01-30 18:00:00,3.4216352
2018-01-30 19:00:00,3.4174838
2018-01-30 20:00:00,3.4194653
2018-01-30 21:00:00,3.4202683
2018-01-30 22:00:00,3.425605
2018-01-30 23:00:00,3.428668
2018-01-31 00:00:00,3.4238532
2018-01-31 01:00:00,3.4288988
2018-01-31 02:00:00,3.42823
2018-01-31 03:00:00,3.4310446
2018-01-31 04:00:00,3.4312575
2018-01-31 05:00:00,3.4270518
2018-01-31 06:00:00,3.4333138
2018-01-31 07:00:00,3.424086
2018-01-31 08:00:00,3.4239838
2018-01-31 09:00:00,3.4296134
2018-01-31 10:00:00,3.4239397
2018-01-31 11:00:00,3.4183385
2018-01-31 12:00:00,3.4259648
2018-01-31 13:00:00,3.4191492
2018-01-31 14:00:00,3.4241936
2018-01-31 15:00:00,3.4255533
2018-01-31 16:00:00,3.4231951
2018-01-31 17:00:00,3.4273238
2018-01-31 18:00:00,3.4253
2018-01-31 19:00:00,3.4292026
2018-01-31 20:00:00,3.4289758
2018-01-31 21:00:00,3.4323726
2018-01-31 22:00:00,3.4331198
2018-01-31 23:00:00,3.4294643
2018-02-01 00:00:00,3.427239
2018-02-01 01:00:00,3.4320872
2018-02-01 02:00:00,3.4262486
2018-02-01 03:00:00,3.429526
2018-02-01 04:00:00,3.431394
2018-02-01 05:00:00,3.4252992
2018-02-01 06:00:00,3.433329
2018-02-01 07:00:00,3.4328446
2018-02-01 08:00:00,3.4295485
2018-02-01 09:00:00,3.4346836
2018-02-01 10:00:00,3.4407635
2018-02-01 11:00:00,3.4358587
2018-02-01 12:00:00,3.4383395
2018-02-01 13:00:00,3.4334118
2018-02-01 14:00:00,3.4373531
2018-02-01 15:00:00,3.430469
2018-02-01 16:00:00,3.4247403
2018-02-01 17:00:00,3.4374359
2018-02-01 18:00:00,3.426374
2018-02-01 19:00:00,3.4238966
2018-02-01 20:00:00,3.4268756
2018-02-01 21:00:00,3.4180658
2018-02-01 22:00:00,3.4306176
2018-02-01 23:00:00,3.4230595
2018-02-02 00:00:00,3.4171362
2018-02-02 01:00:00,3.4243639
2018-02-02 02:00:00,3.4222827
2018-02-02 03:00:00,3.414601
2018-02-02 04:00:00,3.4211416
2018-02-02 05:00:00,3.4183297
2018-02-02 06:00:00,3.4115753
2018-02-02 07:00:00,3.4153826
2018-02-02 08:00:00,3.4175305
2018-02-02 09:00:00,3.4229805
2018-02-02 10:00:00,3.4208221
2018-02-02 11:00:00,3.4218152
2018-02-02 12:00:00,3.4242954
2018-02-02 13:00:00,3.4221594
2018-02-02 14:00:00,3.4251647
2018-02-02 15:00:00,3.4270065
2018-02-02 16:00:00,3.4274867
2018-02-02 17:00:00,3.4277675
2018-02-02 18:00:00,3.4278073
2018-02-02 19:00:00,3.4254162
2018-02-02 20:00:00,3.4262602
2018-02-02 21:00:00,3.4205883
2018-02-02 22:00:00,3.4132972
2018-02-02 23:00:00,3.4060736
2018-02-03 00:00:00,3.4129214
2018-02-03 01:00:00,3.4123774
2018-02-03 02:00:00,3.4210427
2018-02-03 03:00:00,3.4270444
2018-02-03 04:00:00,3.4245522
2018-02-03 05:00:00,3.4268064
2018-02-03 06:00:00,3.4249048
2018-02-03 07:00:00,3.425479
2018-02-03 08:00:00,3.4255657
2018-02-03 09:00:00,3.4198246
2018-02-03 10:00:00,3.4204404
2018-02-03 11:00:00,3.413776
2018-02-03 12:00:00,3.4179215
2018-02-03 13:00:00,3.415903
2018-02-03 14:00:00,3.4120505
2018-02-03 15:00:00,3.4146886
2018-02-03 16:00:00,3.414554
2018-02-03 17:00:00,3.414849
2018-02-03 18:00:00,3.4176862
2018-02-03 19:00:00,3.419096
2018-02-03 20:00:00,3.420317
2018-02-03 21:00:00,3.4205933
2018-02-03 22:00:00,3.4179199
2018-02-03 23:00:00,3.4214728
2018-02-04 00:00:00,3.4186745
2018-02-04 01:00:00,3.4197426
2018-02-04 02:00:00,3.4218903
2018-02-04 03:00:00,3.423121
2018-02-04 04:00:00,3.4227967
2018-02-04 05:00:00,3.4221873
2018-02-04 06:00:00,3.423818
2018-02-04 07:00:00,3.4252079
2018-02-04 08:00:00,3.4270577
2018-02-04 09:00:00,3.4291549
2018-02-04 10:00:00,3.424796
2018-02-04 11:00:00,3.4255877
2018-02-04 12:00:00,3.4303126
2018-02-04 13:00:00,3.424156
2018-02-04 14:00:00,3.4254327
2018-02-04 15:00:00,3.428688
2018-02-04 16:00:00,3.4228659
2018-02-04 17:00:00,3.421996
2018-02-04 18:00:00,3.4210887
2018-02-04 19:00:00,3.431054
2018-02-04 20:00:00,3.425502
2018-02-04 21:00:00,3.4247284
2018-02-04 22:00:00,3.425649
2018-02-04 23:00:00,3.4314342
2018-02-05 00:00:00,3.4322357
2018-02-05 01:00:00,3.4297698
2018-02-05 02:00:00,3.4324627
2018-02-05 03:00:00,3.434201
2018-02-05 04:00:00,3.4318957
2018-02-05 05:00:00,3.4360273
2018-02-05 06:00:00,3.4305727
2018-02-05 07:00:00,3.4316106
2018-02-05 08:00:00,3.4307847
2018-02-05 09:00:00,3.421667
2018-02-05 10:00:00,3.4240317
2018-02-05 11:00:00,3.4308927
2018-02-05 12:00:00,3.423944
2018-02-05 13:00:00,3.4253368
2018-02-05 14:00:00,3.4268928
2018-02-05 15:00:00,3.4282744
2018-02-05 16:00:00,3.4321406
2018-02-05 17:00:00,3.4262571
2018-02-05 18:00:00,3.4283555
2018-02-05 19:00:00,3.4299664
2018-02-05 20:00:00,3.426845
2018-02-05 21:00:00,3.430489
2018-02-05 22:00:00,3.4258547
2018-02-05 23:00:00,3.4302008
2018-02-06 00:00:00,3.4298542
2018-02-06 01:00:00,3.4217186
2018-02-06 02:00:00,3.425241
2018-02-06 03:00:00,3.4258695
2018-02-06 04:00:00,3.4265013
2018-02-06 05:00:00,3.4215655
2018-02-06 06:00:00,3.4234111
2018-02-06 07:00:00,3.423375
2018-02-06 08:00:00,3.4234462
2018-02-06 09:00:00,3.423626
2018-02-06 10:00:00,3.4278908
2018-02-06 11:00:00,3.4222252
2018-02-06 12:00:00,3.4247494
2018-02-06 13:00:00,3.419912
2018-02-06 14:00:00,3.4178023
2018-02-06 15:00:00,3.4264758
2018-02-06 16:00:00,3.4255543
2018-02-06 17:00:00,3.4237092
2018-02-06 18:00:00,3.4215662
2018-02-06 19:00:00,3.4246707
2018-02-06 20:00:00,3.4225554
2018-02-06 21:00:00,3.3589287
2018-02-06 22:00:00,3.1175067
2018-02-06 23:00:00,3.1416223
2018-02-07 00:00:00,3.053929
2018-02-07 01:00:00,2.87325
2018-02-07 02:00:00,2.8796785
2018-02-07 03:00:00,2.8930604
2018-02-07 04:00:00,2.9161854
2018-02-07 05:00:00,2.9333088
2018-02-07 06:00:00,2.9194543
2018-02-07 07:00:00,2.95516
2018-02-07 08:00:00,2.9110975
2018-02-07 09:00:00,2.890427
2018-02-07 10:00:00,2.915244
2018-02-07 11:00:00,2.9606845
2018-02-07 12:00:00,3.0301466
2018-02-07 13:00:00,3.0236814
2018-02-07 14:00:00,2.987785
2018-02-07 15:00:00,3.0411077
2018-02-07 16:00:00,3.020956
2018-02-07 17:00:00,3.033461
2018-02-07 18:00:00,3.1399598
2018-02-07 19:00:00,3.0215325
2018-02-07 20:00:00,3.0137117
2018-02-07 21:00:00,3.0264919
2018-02-07 22:00:00,3.1016028
2018-02-07 23:00:00,3.2068927
2018-02-08 00:00:00,3.2498307
2018-02-08 01:00:00,3.2599847
2018-02-08 02:00:00,3.3122945
2018-02-08 03:00:00,3.2958126
2018-02-08 04:00:00,3.2803652
2018-02-08 05:00:00,3.2681973
2018-02-08 06:00:00,3.2712257
2018-02-08 07:00:00,3.2624977
2018-02-08 08:00:00,3.2578855
2018-02-08 09:00:00,3.2626727
2018-02-08 10:00:00,3.268085
2018-02-08 11:00:00,3.2368472
2018-02-08 12:00:00,3.2041833
2018-02-08 13:00:00,3.161783
2018-02-08 14:00:00,3.169431
2018-02-08 15:00:00,3.14799
2018-02-08 16:00:00,3.0316172
2018-02-08 17:00:00,2.9909472
2018-02-08 18:00:00,3.1565263
2018-02-08 19:00:00,2.9999232
2018-02-08 20:00:00,3.0052772
2018-02-08 21:00:00,3.0338645
2018-02-08 22:00:00,3.0390608
2018-02-08 23:00:00,3.034704
2018-02-09 00:00:00,3.0261495
2018-02-09 01:00:00,3.026215
2018-02-09 02:00:00,3.0093033
2018-02-09 03:00:00,3.0098732
2018-02-09 04:00:00,3.0152147
2018-02-09 05:00:00,3.0401719
2018-02-09 06:00:00,3.045242
2018-02-09 07:00:00,3.0453777
2018-02-09 08:00:00,3.044395
2018-02-09 09:00:00,3.041479
2018-02-09 10:00:00,3.03754
2018-02-09 11:00:00,3.0332136
2018-02-09 12:00:00,3.0320296
2018-02-09 13:00:00,3.0306015
2018-02-09 14:00:00,3.0278487
2018-02-09 15:00:00,3.0256824
2018-02-09 16:00:00,3.0245335
2018-02-09 17:00:00,3.023553
2018-02-09 18:00:00,3.0233989
2018-02-09 19:00:00,3.0235581
2018-02-09 20:00:00,3.0242891
2018-02-09 21:00:00,3.0247746
2018-02-09 22:00:00,3.0249166
2018-02-09 23:00:00,3.024666
2018-02-10 00:00:00,3.0242014
2018-02-10 01:00:00,3.025261
2018-02-10 02:00:00,3.025924
2018-02-10 03:00:00,3.0258276
2018-02-10 04:00:00,3.02664
2018-02-10 05:00:00,3.0263777
2018-02-10 06:00:00,3.0195732
2018-02-10 07:00:00,2.998875
2018-02-10 08:00:00,2.981638
2018-02-10 09:00:00,2.9523983
2018-02-10 10:00:00,2.924393
2018-02-10 11:00:00,2.994459
2018-02-10 12:00:00,2.9783425
2018-02-10 13:00:00,2.9757369
2018-02-10 14:00:00,2.98267
2018-02-10 15:00:00,2.9899483
2018-02-10 16:00:00,2.9927843
2018-02-10 17:00:00,2.9929984
2018-02-10 18:00:00,3.0062206
2018-02-10 19:00:00,3.058303
2018-02-10 20:00:00,3.2272804
2018-02-10 21:00:00,3.24326
2018-02-10 22:00:00,3.2519753
2018-02-10 23:00:00,3.2616262
2018-02-11 00:00:00,3.2692666
2018-02-11 01:00:00,3.274968
2018-02-11 02:00:00,3.2692862
2018-02-11 03:00:00,3.2918134
2018-02-11 04:00:00,3.3012857
2018-02-11 05:00:00,3.3160067
2018-02-11 06:00:00,3.3182323
2018-02-11 07:00:00,3.3175366
2018-02-11 08:00:00,3.3132198
2018-02-11 09:00:00,3.3190582
2018-02-11 10:00:00,3.3144228
2018-02-11 11:00:00,3.3000832
2018-02-11 12:00:00,3.301862
2018-02-11 13:00:00,3.2935753
2018-02-11 14:00:00,3.290157
2018-02-11 15:00:00,3.2927485
2018-02-11 16:00:00,3.293114
2018-02-11 17:00:00,3.2837439
2018-02-11 18:00:00,3.2807207
2018-02-11 19:00:00,3.277872
2018-02-11 20:00:00,3.28726
2018-02-11 21:00:00,3.2689707
2018-02-11 22:00:00,3.2757504
2018-02-11 23:00:00,3.275718
2018-02-12 00:00:00,3.2779524
2018-02-12 01:00:00,3.2735226
2018-02-12 02:00:00,3.281707
2018-02-12 03:00:00,3.2829247
2018-02-12 04:00:00,3.2796292
2018-02-12 05:00:00,3.2797306
2018-02-12 06:00:00,3.2806141
2018-02-12 07:00:00,3.2948008
2018-02-12 08:00:00,3.278135
2018-02-12 09:00:00,3.2685728
2018-02-12 10:00:00,3.2647684
2018-02-12 11:00:00,3.2731798
2018-02-12 12:00:00,3.2673678
2018-02-12 13:00:00,3.261925
2018-02-12 14:00:00,3.2693322
2018-02-12 15:00:00,3.2702742
2018-02-12 16:00:00,3.2663853
2018-02-12 17:00:00,3.2763076
2018-02-12 18:00:00,3.270642
2018-02-12 19:00:00,3.2693233
2018-02-12 20:00:00,3.2769718
2018-02-12 21:00:00,3.2814412
2018-02-12 22:00:00,3.2879286
2018-02-12 23:00:00,3.2920003
2018-02-13 00:00:00,3.292219
2018-02-13 01:00:00,3.298515
2018-02-13 02:00:00,3.2900927
2018-02-13 03:00:00,3.296125
2018-02-13 04:00:00,3.2950037
2018-02-13 05:00:00,3.29533
2018-02-13 06:00:00,3.3020782
2018-02-13 07:00:00,3.307593
2018-02-13 08:00:00,3.311134
2018-02-13 09:00:00,3.3130264
2018-02-13 10:00:00,3.3126397
2018-02-13 11:00:00,3.3109386
2018-02-13 12:00:00,3.321902
2018-02-13 13:00:00,3.3244805
2018-02-13 14:00:00,3.3275127
2018-02-13 15:00:00,3.3281415
2018-02-13 16:00:00,3.3306956
2018-02-13 17:00:00,3.333456
2018-02-13 18:00:00,3.3423645
2018-02-13 19:00:00,3.338866
2018-02-13 20:00:00,3.3402011
2018-02-13 21:00:00,3.345463
2018-02-13 22:00:00,3.3434799
2018-02-13 23:00:00,3.3487363
2018-02-14 00:00:00,3.3389335
2018-02-14 01:00:00,3.3319807
2018-02-14 02:00:00,3.332547
2018-02-14 03:00:00,3.3330016
2018-02-14 04:00:00,3.336618
2018-02-14 05:00:00,3.3485484
2018-02-14 06:00:00,3.343078
2018-02-14 07:00:00,3.3485577
2018-02-14 08:00:00,3.3504515
2018-02-14 09:00:00,3.3444772
2018-02-14 10:00:00,3.3481727
2018-02-14 11:00:00,3.349891
2018-02-14 12:00:00,3.3482552
2018-02-14 13:00:00,3.3546276
2018-02-14 14:00:00,3.3532417
2018-02-14 15:00:00,3.3464665
2018-02-14 16:00:00,3.3513253
2018-02-14 17:00:00,3.3467681
2018-02-14 18:00:00,3.346784
2018-02-14 19:00:00,3.3381827
2018-02-14 20:00:00,3.3352442
2018-02-14 21:00:00,3.3376207
2018-02-14 22:00:00,3.3392417
2018-02-14 23:00:00,3.3392162
2018-02-15 00:00:00,3.3368871
2018-02-15 01:00:00,3.3334734
2018-02-15 02:00:00,3.3312998
2018-02-15 03:00:00,3.3299243
2018-02-15 04:00:00,3.3352745
2018-02-15 05:00:00,3.331154
2018-02-15 06:00:00,3.3415785
2018-02-15 07:00:00,3.342027
2018-02-15 08:00:00,3.3402567
2018-02-15 09:00:00,3.3443751
2018-02-15 10:00:00,3.3484743
2018-02-15 11:00:00,3.3478417
2018-02-15 12:00:00,3.3441713
2018-02-15 13:00:00,3.3436654
2018-02-15 14:00:00,3.3462534
2018-02-15 15:00:00,3.3386607
2018-02-15 16:00:00,3.3370693
2018-02-15 17:00:00,3.3442903
2018-02-15 18:00:00,3.341426
2018-02-15 19:00:00,3.3393521
2018-02-15 20:00:00,3.3422608
2018-02-15 21:00:00,3.3424094
2018-02-15 22:00:00,3.3365157
2018-02-15 23:00:00,3.3360631
2018-02-16 00:00:00,3.3366363
2018-02-16 01:00:00,3.3387876
2018-02-16 02:00:00,3.3337762
2018-02-16 03:00:00,3.3376777
2018-02-16 04:00:00,3.3388274
2018-02-16 05:00:00,3.3396614
2018-02-16 06:00:00,3.3409503
2018-02-16 07:00:00,3.3416278
2018-02-16 08:00:00,3.3407323
2018-02-16 09:00:00,3.3427398
2018-02-16 10:00:00,3.350908
2018-02-16 11:00:00,3.3473215
2018-02-16 12:00:00,3.3553526
2018-02-16 13:00:00,3.3461478
2018-02-16 14:00:00,3.344559
2018-02-16 15:00:00,3.344103
2018-02-16 16:00:00,3.3494003
2018-02-16 17:00:00,3.3497555
2018-02-16 18:00:00,3.348009
2018-02-16 19:00:00,3.3530617
2018-02-16 20:00:00,3.3501263
2018-02-16 21:00:00,3.3495328
2018-02-16 22:00:00,3.3557432
2018-02-16 23:00:00,3.3535943
2018-02-17 00:00:00,3.3559997
2018-02-17 01:00:00,3.356389
2018-02-17 02:00:00,3.355119
2018-02-17 03:00:00,3.3598368
2018-02-17 04:00:00,3.3574247
2018-02-17 05:00:00,3.3565893
2018-02-17 06:00:00,3.3620682
2018-02-17 07:00:00,3.3542552
2018-02-17 08:00:00,3.359858
2018-02-17 09:00:00,3.3616343
2018-02-17 10:00:00,3.3563364
2018-02-17 11:00:00,3.3568473
2018-02-17 12:00:00,3.3498232
2018-02-17 13:00:00,3.349553
2018-02-17 14:00:00,3.341888
2018-02-17 15:00:00,3.3439732
2018-02-17 16:00:00,3.3478572
2018-02-17 17:00:00,3.3427496
2018-02-17 18:00:00,3.3416262
2018-02-17 19:00:00,3.3450847
2018-02-17 20:00:00,3.3410661
2018-02-17 21:00:00,3.3408809
2018-02-17 22:00:00,3.3343878
2018-02-17 23:00:00,3.339255
2018-02-18 00:00:00,3.340691
2018-02-18 01:00:00,3.337967
2018-02-18 02:00:00,3.341711
2018-02-18 03:00:00,3.339221
2018-02-18 04:00:00,3.3381183
2018-02-18 05:00:00,3.3451335
2018-02-18 06:00:00,3.346461
2018-02-18 07:00:00,3.3483176
2018-02-18 08:00:00,3.3609006
2018-02-18 09:00:00,3.3582892
2018-02-18 10:00:00,3.3606117
2018-02-18 11:00:00,3.3546839
2018-02-18 12:00:00,3.3543088
2018-02-18 13:00:00,3.3618226
2018-02-18 14:00:00,3.3552294
2018-02-18 15:00:00,3.3550463
2018-02-18 16:00:00,3.3617568
2018-02-18 17:00:00,3.3634746
2018-02-18 18:00:00,3.3617122
2018-02-18 19:00:00,3.3582697
2018-02-18 20:00:00,3.3603656
2018-02-18 21:00:00,3.3634324
2018-02-18 22:00:00,3.3673172
2018-02-18 23:00:00,3.3697333
2018-02-19 00:00:00,3.377175
2018-02-19 01:00:00,3.377287
2018-02-19 02:00:00,3.390436
2018-02-19 03:00:00,3.395493
2018-02-19 04:00:00,3.397634
2018-02-19 05:00:00,3.4092722
2018-02-19 06:00:00,3.410013
2018-02-19 07:00:00,3.4118745
2018-02-19 08:00:00,3.4123368
2018-02-19 09:00:00,3.411775
2018-02-19 10:00:00,3.4133244
2018-02-19 11:00:00,3.4066653
2018-02-19 12:00:00,3.410617
2018-02-19 13:00:00,3.41217
2018-02-19 14:00:00,3.4177213
2018-02-19 15:00:00,3.4193313
2018-02-19 16:00:00,3.4051602
2018-02-19 17:00:00,3.3981314
2018-02-19 18:00:00,3.407754
2018-02-19 19:00:00,3.4075139
2018-02-19 20:00:00,3.4167008
2018-02-19 21:00:00,3.427497
2018-02-19 22:00:00,3.4230416
2018-02-19 23:00:00,3.4245589
2018-02-20 00:00:00,3.4251173
2018-02-20 01:00:00,3.4213467
2018-02-20 02:00:00,3.4239485
2018-02-20 03:00:00,3.4223576
2018-02-20 04:00:00,3.4189396
2018-02-20 05:00:00,3.4182563
2018-02-20 06:00:00,3.4186862
2018-02-20 07:00:00,3.4186118
2018-02-20 08:00:00,3.418682
2018-02-20 09:00:00,3.412972
2018-02-20 10:00:00,3.4151764
2018-02-20 11:00:00,3.4135203
2018-02-20 12:00:00,3.4139936
2018-02-20 13:00:00,3.416268
2018-02-20 14:00:00,3.415574
2018-02-20 15:00:00,3.4142632
2018-02-20 16:00:00,3.413906
2018-02-20 17:00:00,3.411547
2018-02-20 18:00:00,3.4136732
2018-02-20 19:00:00,3.409299
2018-02-20 20:00:00,3.4108915
2018-02-20 21:00:00,3.3991861
2018-02-20 22:00:00,3.3931785
2018-02-20 23:00:00,3.3911746
2018-02-21 00:00:00,3.3862538
2018-02-21 01:00:00,3.3766828
2018-02-21 02:00:00,3.3745513
2018-02-21 03:00:00,3.3740518
2018-02-21 04:00:00,3.3728213
2018-02-21 05:00:00,3.3687336
2018-02-21 06:00:00,3.3640826
2018-02-21 07:00:00,3.3601043
2018-02-21 08:00:00,3.3571672
2018-02-21 09:00:00,3.3569596
2018-02-21 10:00:00,3.367282
2018-02-21 11:00:00,3.3601415
2018-02-21 12:00:00,3.361998
2018-02-21 13:00:00,3.3618417
2018-02-21 14:00:00,3.363632
2018-02-21 15:00:00,3.355435
2018-02-21 16:00:00,3.3532267
2018-02-21 17:00:00,3.3538942
2018-02-21 18:00:00,3.3541007
2018-02-21 19:00:00,3.354993
2018-02-21 20:00:00,3.3554766
2018-02-21 21:00:00,3.352687
2018-02-21 22:00:00,3.350636
2018-02-21 23:00:00,3.3427458
2018-02-22 00:00:00,3.3401191
2018-02-22 01:00:00,3.3380446
2018-02-22 02:00:00,3.3356476
2018-02-22 03:00:00,3.3395615
2018-02-22 04:00:00,3.3393652
2018-02-22 05:00:00,3.347638
2018-02-22 06:00:00,3.3421998
2018-02-22 07:00:00,3.3481364
2018-02-22 08:00:00,3.358267
2018-02-22 09:00:00,3.3663926
2018-02-22 10:00:00,3.3515165
2018-02-22 11:00:00,3.3429701
2018-02-22 12:00:00,3.339678
2018-02-22 13:00:00,3.3414974
2018-02-22 14:00:00,3.3435273
2018-02-22 15:00:00,3.350912
2018-02-22 16:00:00,3.3448007
2018-02-22 17:00:00,3.3554516
2018-02-22 18:00:00,3.35744
2018-02-22 19:00:00,3.3498335
2018-02-22 20:00:00,3.3635042
2018-02-22 21:00:00,3.3611832
2018-02-22 22:00:00,3.3682592
2018-02-22 23:00:00,3.3599114
2018-02-23 00:00:00,3.349877
2018-02-23 01:00:00,3.3604367
2018-02-23 02:00:00,3.3623512
2018-02-23 03:00:00,3.3637128
2018-02-23 04:00:00,3.3655305
2018-02-23 05:00:00,3.3601975
2018-02-23 06:00:00,3.3537657
2018-02-23 07:00:00,3.3518379
2018-02-23 08:00:00,3.3537831
2018-02-23 09:00:00,3.346752
2018-02-23 10:00:00,3.3527973
2018-02-23 11:00:00,3.3563213
2018-02-23 12:00:00,3.361848
2018-02-23 13:00:00,3.3501883
2018-02-23 14:00:00,3.3457024
2018-02-23 15:00:00,3.3394365
2018-02-23 16:00:00,3.328834
2018-02-23 17:00:00,3.332289
2018-02-23 18:00:00,3.3253214
2018-02-23 19:00:00,3.3293796
2018-02-23 20:00:00,3.3254468
2018-02-23 21:00:00,3.3271165
2018-02-23 22:00:00,3.3246067
2018-02-23 23:00:00,3.3307872
2018-02-24 00:00:00,3.3370142
2018-02-24 01:00:00,3.3345268
2018-02-24 02:00:00,3.3260584
2018-02-24 03:00:00,3.3265502
2018-02-24 04:00:00,3.3259695
2018-02-24 05:00:00,3.318975
2018-02-24 06:00:00,3.3102548
2018-02-24 07:00:00,3.3038135
2018-02-24 08:00:00,3.3031266
2018-02-24 09:00:00,3.302049
2018-02-24 10:00:00,3.305766
2018-02-24 11:00:00,3.308213
2018-02-24 12:00:00,3.3040233
2018-02-24 13:00:00,3.3025153
2018-02-24 14:00:00,3.3047988
2018-02-24 15:00:00,3.3024244
2018-02-24 16:00:00,3.3027506
2018-02-24 17:00:00,3.3049443
2018-02-24 18:00:00,3.305026
2018-02-24 19:00:00,3.3045545
2018-02-24 20:00:00,3.3053653
2018-02-24 21:00:00,3.308756
2018-02-24 22:00:00,3.3064175
2018-02-24 23:00:00,3.3053985
2018-02-25 00:00:00,3.3086944
2018-02-25 01:00:00,3.3103719
2018-02-25 02:00:00,3.3116097
2018-02-25 03:00:00,3.3121653
2018-02-25 04:00:00,3.3146193
2018-02-25 05:00:00,3.3165894
2018-02-25 06:00:00,3.3185482
2018-02-25 07:00:00,3.319321
2018-02-25 08:00:00,3.317976
2018-02-25 09:00:00,3.314916
2018-02-25 10:00:00,3.3036242
2018-02-25 11:00:00,3.2989764
2018-02-25 12:00:00,3.2971442
2018-02-25 13:00:00,3.296789
2018-02-25 14:00:00,3.2983181
2018-02-25 15:00:00,3.2993658
2018-02-25 16:00:00,3.297632
2018-02-25 17:00:00,3.297131
2018-02-25 18:00:00,3.2967412
2018-02-25 19:00:00,3.297882
2018-02-25 20:00:00,3.297416
2018-02-25 21:00:00,3.2991657
2018-02-25 22:00:00,3.3013375
2018-02-25 23:00:00,3.3027124
2018-02-26 00:00:00,3.298108
2018-02-26 01:00:00,3.2966523
2018-02-26 02:00:00,3.2958689
2018-02-26 03:00:00,3.2974024
2018-02-26 04:00:00,3.2988608
2018-02-26 05:00:00,3.2972732
2018-02-26 06:00:00,3.2961912
2018-02-26 07:00:00,3.2917855
2018-02-26 08:00:00,3.2873466
2018-02-26 09:00:00,3.286213
2018-02-26 10:00:00,3.2843773
2018-02-26 11:00:00,3.2840753
2018-02-26 12:00:00,3.2839983
2018-02-26 13:00:00,3.285094
2018-02-26 14:00:00,3.2837849
2018-02-26 15:00:00,3.279764
2018-02-26 16:00:00,3.2764125
2018-02-26 17:00:00,3.273891
2018-02-26 18:00:00,3.2716475
2018-02-26 19:00:00,3.2680004
2018-02-26 20:00:00,3.2677357
2018-02-26 21:00:00,3.2665122
2018-02-26 22:00:00,3.2639396
2018-02-26 23:00:00,3.2652056
2018-02-27 00:00:00,3.2655385
2018-02-27 01:00:00,3.2674904
2018-02-27 02:00:00,3.2721372
2018-02-27 03:00:00,3.2748182
2018-02-27 04:00:00,3.2732337
2018-02-27 05:00:00,3.2717693
2018-02-27 06:00:00,3.2686305
2018-02-27 07:00:00,3.2665124
2018-02-27 08:00:00,3.2596397
2018-02-27 09:00:00,3.2550995
2018-02-27 10:00:00,3.2531562
2018-02-27 11:00:00,3.2559617
2018-02-27 12:00:00,3.2563176
2018-02-27 13:00:00,3.2534068
2018-02-27 14:00:00,3.2416925
2018-02-27 15:00:00,3.2235916
2018-02-27 16:00:00,3.2265456
2018-02-27 17:00:00,3.2090244
2018-02-27 18:00:00,3.2103224
2018-02-27 19:00:00,3.2134457
2018-02-27 20:00:00,3.2065306
2018-02-27 21:00:00,3.2157683
2018-02-27 22:00:00,3.2347498
2018-02-27 23:00:00,3.2411337
2018-02-28 00:00:00,3.2515492
2018-02-28 01:00:00,3.2568069
2018-02-28 02:00:00,3.2754033
2018-02-28 03:00:00,3.278863
2018-02-28 04:00:00,3.2771814
2018-02-28 05:00:00,3.284128
2018-02-28 06:00:00,3.2905369
2018-02-28 07:00:00,3.2970014
2018-02-28 08:00:00,3.3142126
2018-02-28 09:00:00,3.3082097
2018-02-28 10:00:00,3.3238595
2018-02-28 11:00:00,3.3252487
2018-02-28 12:00:00,3.327879
2018-02-28 13:00:00,3.3282897
2018-02-28 14:00:00,3.326398
2018-02-28 15:00:00,3.328102
2018-02-28 16:00:00,3.3224373
2018-02-28 17:00:00,3.3222659
2018-02-28 18:00:00,3.3235567
2018-02-28 19:00:00,3.325567
2018-02-28 20:00:00,3.3344007
2018-02-28 21:00:00,3.3253026
2018-02-28 22:00:00,3.3160791
2018-02-28 23:00:00,3.3255987
2018-03-01 00:00:00,3.31062
2018-03-01 01:00:00,3.3064203
2018-03-01 02:00:00,3.3122833
2018-03-01 03:00:00,3.3059282
2018-03-01 04:00:00,3.298259
2018-03-01 05:00:00,3.2940612
2018-03-01 06:00:00,3.294993
2018-03-01 07:00:00,3.277529
2018-03-01 08:00:00,3.278983
2018-03-01 09:00:00,3.2783728
2018-03-01 10:00:00,3.2876334
2018-03-01 11:00:00,3.2920494
2018-03-01 12:00:00,3.2911792
2018-03-01 13:00:00,3.2889872
2018-03-01 14:00:00,3.2838445
2018-03-01 15:00:00,3.2816496
2018-03-01 16:00:00,3.2782245
2018-03-01 17:00:00,3.2723558
2018-03-01 18:00:00,3.2665083
2018-03-01 19:00:00,3.2663207
2018-03-01 20:00:00,3.2690258
2018-03-01 21:00:00,3.2607825
2018-03-01 22:00:00,3.259573
2018-03-01 23:00:00,3.2448556
2018-03-02 00:00:00,3.2703834
2018-03-02 01:00:00,3.2719495
2018-03-02 02:00:00,3.2806458
2018-03-02 03:00:00,3.280597
2018-03-02 04:00:00,3.282611
2018-03-02 05:00:00,3.280395
2018-03-02 06:00:00,3.2827342
2018-03-02 07:00:00,3.2845442
2018-03-02 08:00:00,3.2894444
2018-03-02 09:00:00,3.287428
2018-03-02 10:00:00,3.2931638
2018-03-02 11:00:00,3.2915556
2018-03-02 12:00:00,3.3054457
2018-03-02 13:00:00,3.3019452
2018-03-02 14:00:00,3.310133
2018-03-02 15:00:00,3.3104968
2018-03-02 16:00:00,3.3038876
2018-03-02 17:00:00,3.304537
2018-03-02 18:00:00,3.3052135
2018-03-02 19:00:00,3.3088381
2018-03-02 20:00:00,3.3104296
2018-03-02 21:00:00,3.3161077
2018-03-02 22:00:00,3.3186114
2018-03-02 23:00:00,3.3211634
2018-03-03 00:00:00,3.3163857
2018-03-03 01:00:00,3.3151999
2018-03-03 02:00:00,3.309477
2018-03-03 03:00:00,3.3102808
2018-03-03 04:00:00,3.3050036
2018-03-03 05:00:00,3.309031
2018-03-03 06:00:00,3.3111641
2018-03-03 07:00:00,3.317027
2018-03-03 08:00:00,3.3363929
2018-03-03 09:00:00,3.3593009
2018-03-03 10:00:00,3.3781998
2018-03-03 11:00:00,3.37643
2018-03-03 12:00:00,3.37178
2018-03-03 13:00:00,3.3805227
2018-03-03 14:00:00,3.384874
2018-03-03 15:00:00,3.3750596
2018-03-03 16:00:00,3.3730712
2018-03-03 17:00:00,3.3731034
2018-03-03 18:00:00,3.379019
2018-03-03 19:00:00,3.375004
2018-03-03 20:00:00,3.3812845
2018-03-03 21:00:00,3.3829563
2018-03-03 22:00:00,3.380483
2018-03-03 23:00:00,3.3908153
2018-03-04 00:00:00,3.3867505
2018-03-04 01:00:00,3.3827848
2018-03-04 02:00:00,3.379348
2018-03-04 03:00:00,3.3804696
2018-03-04 04:00:00,3.3909037
2018-03-04 05:00:00,3.3885133
2018-03-04 06:00:00,3.3908217
2018-03-04 07:00:00,3.384895
2018-03-04 08:00:00,3.3831632
2018-03-04 09:00:00,3.3856816
2018-03-04 10:00:00,3.3861482
2018-03-04 11:00:00,3.3872364
2018-03-04 12:00:00,3.386203
2018-03-04 13:00:00,3.3915057
2018-03-04 14:00:00,3.383397
2018-03-04 15:00:00,3.3934731
2018-03-04 16:00:00,3.3916752
2018-03-04 17:00:00,3.4021711
2018-03-04 18:00:00,3.408131
2018-03-04 19:00:00,3.4017007
2018-03-04 20:00:00,3.4050117
2018-03-04 21:00:00,3.409395
2018-03-04 22:00:00,3.4145243
2018-03-04 23:00:00,3.4158514
2018-03-05 00:00:00,3.4090812
2018-03-05 01:00:00,3.407181
2018-03-05 02:00:00,3.410184
2018-03-05 03:00:00,3.4022655
2018-03-05 04:00:00,3.4079063
2018-03-05 05:00:00,3.4071097
2018-03-05 06:00:00,3.4098787
2018-03-05 07:00:00,3.4090652
2018-03-05 08:00:00,3.4140549
2018-03-05 09:00:00,3.4175935
2018-03-05 10:00:00,3.416683
2018-03-05 11:00:00,3.4191625
2018-03-05 12:00:00,3.4224148
2018-03-05 13:00:00,3.4229586
2018-03-05 14:00:00,3.425762
2018-03-05 15:00:00,3.4237165
2018-03-05 16:00:00,3.4208093
2018-03-05 17:00:00,3.4266295
2018-03-05 18:00:00,3.4281359
2018-03-05 19:00:00,3.426233
2018-03-05 20:00:00,3.4240694
2018-03-05 21:00:00,3.422495
2018-03-05 22:00:00,3.4263926
2018-03-05 23:00:00,3.428614
2018-03-06 00:00:00,3.4243176
2018-03-06 01:00:00,3.425837
2018-03-06 02:00:00,3.4217188
2018-03-06 03:00:00,3.4244268
2018-03-06 04:00:00,3.42348
2018-03-06 05:00:00,3.4211035
2018-03-06 06:00:00,3.420772
2018-03-06 07:00:00,3.4219112
2018-03-06 08:00:00,3.4212992
2018-03-06 09:00:00,3.4203467
2018-03-06 10:00:00,3.4226096
2018-03-06 11:00:00,3.4208565
2018-03-06 12:00:00,3.4201005
2018-03-06 13:00:00,3.42113
2018-03-06 14:00:00,3.420051
2018-03-06 15:00:00,3.4178503
2018-03-06 16:00:00,3.4199574
2018-03-06 17:00:00,3.4204597
2018-03-06 18:00:00,3.4173553
2018-03-06 19:00:00,3.4198685
2018-03-06 20:00:00,3.418395
2018-03-06 21:00:00,3.4198906
2018-03-06 22:00:00,3.416792
2018-03-06 23:00:00,3.4177535
2018-03-07 00:00:00,3.4207716
2018-03-07 01:00:00,3.422139
2018-03-07 02:00:00,3.418535
2018-03-07 03:00:00,3.4206793
2018-03-07 04:00:00,3.4135818
2018-03-07 05:00:00,3.421591
2018-03-07 06:00:00,3.4236841
2018-03-07 07:00:00,3.4225597
2018-03-07 08:00:00,3.4232404
2018-03-07 09:00:00,3.4250238
2018-03-07 10:00:00,3.4270048
2018-03-07 11:00:00,3.4253063
2018-03-07 12:00:00,3.4229486
2018-03-07 13:00:00,3.4223127
2018-03-07 14:00:00,3.4222612
2018-03-07 15:00:00,3.421953
2018-03-07 16:00:00,3.4177659
2018-03-07 17:00:00,3.4233565
2018-03-07 18:00:00,3.4266927
2018-03-07 19:00:00,3.42411
2018-03-07 20:00:00,3.423673
2018-03-07 21:00:00,3.4244504
2018-03-07 22:00:00,3.4288268
2018-03-07 23:00:00,3.4283633
2018-03-08 00:00:00,3.4276195
2018-03-08 01:00:00,3.4341905
2018-03-08 02:00:00,3.4320354
2018-03-08 03:00:00,3.4282365
2018-03-08 04:00:00,3.4358544
2018-03-08 05:00:00,3.4331894
2018-03-08 06:00:00,3.4382455
2018-03-08 07:00:00,3.4333246
2018-03-08 08:00:00,3.4289773
2018-03-08 09:00:00,3.4332297
2018-03-08 10:00:00,3.4341931
2018-03-08 11:00:00,3.4274538
2018-03-08 12:00:00,3.429885
2018-03-08 13:00:00,3.4299223
2018-03-08 14:00:00,3.434176
2018-03-08 15:00:00,3.4295602
2018-03-08 16:00:00,3.425281
2018-03-08 17:00:00,3.4314504
2018-03-08 18:00:00,3.4297633
2018-03-08 19:00:00,3.4275243
2018-03-08 20:00:00,3.4248831
2018-03-08 21:00:00,3.4273875
2018-03-08 22:00:00,3.424224
2018-03-08 23:00:00,3.423596
2018-03-09 00:00:00,3.4243488
2018-03-09 01:00:00,3.4234147
2018-03-09 02:00:00,3.42303
2018-03-09 03:00:00,3.4256673
2018-03-09 04:00:00,3.4234476
2018-03-09 05:00:00,3.422447
2018-03-09 06:00:00,3.4266286
2018-03-09 07:00:00,3.4222667
2018-03-09 08:00:00,3.4183612
2018-03-09 09:00:00,3.4176624
2018-03-09 10:00:00,3.4222312
2018-03-09 11:00:00,3.4353693
2018-03-09 12:00:00,3.424548
2018-03-09 13:00:00,3.424292
2018-03-09 14:00:00,3.4328246
2018-03-09 15:00:00,3.4325662
2018-03-09 16:00:00,3.429585
2018-03-09 17:00:00,3.4318953
2018-03-09 18:00:00,3.4304574
2018-03-09 19:00:00,3.4305363
2018-03-09 20:00:00,3.426167
2018-03-09 21:00:00,3.4289553
2018-03-09 22:00:00,3.4323452
2018-03-09 23:00:00,3.4309356
2018-03-10 00:00:00,3.431068
2018-03-10 01:00:00,3.4299247
2018-03-10 02:00:00,3.430297
2018-03-10 03:00:00,3.4297264
2018-03-10 04:00:00,3.4275763
2018-03-10 05:00:00,3.431031
2018-03-10 06:00:00,3.426495
2018-03-10 07:00:00,3.4324434
2018-03-10 08:00:00,3.4259014
2018-03-10 09:00:00,3.4242697
2018-03-10 10:00:00,3.4269059
2018-03-10 11:00:00,3.4245064
2018-03-10 12:00:00,3.4277043
2018-03-10 13:00:00,3.427869
2018-03-10 14:00:00,3.4235327
2018-03-10 15:00:00,3.4268556
2018-03-10 16:00:00,3.4212124
2018-03-10 17:00:00,3.4204535
2018-03-10 18:00:00,3.426314
2018-03-10 19:00:00,3.424665
2018-03-10 20:00:00,3.427187
2018-03-10 21:00:00,3.426457
2018-03-10 22:00:00,3.4263358
2018-03-10 23:00:00,3.42956
2018-03-11 00:00:00,3.4248216
2018-03-11 01:00:00,3.4281738
2018-03-11 02:00:00,3.4280488
2018-03-11 03:00:00,3.4291651
2018-03-11 04:00:00,3.4323552
2018-03-11 05:00:00,3.431552
2018-03-11 06:00:00,3.4321523
2018-03-11 07:00:00,3.4338026
2018-03-11 08:00:00,3.4261212
2018-03-11 09:00:00,3.4194956
2018-03-11 10:00:00,3.4177616
2018-03-11 11:00:00,3.40955
2018-03-11 12:00:00,3.4022734
2018-03-11 13:00:00,3.39596
2018-03-11 14:00:00,3.4073462
2018-03-11 15:00:00,3.4163504
2018-03-11 16:00:00,3.3970795
2018-03-11 17:00:00,3.397109
2018-03-11 18:00:00,3.3901777
2018-03-11 19:00:00,3.3862817
2018-03-11 20:00:00,3.3894796
2018-03-11 21:00:00,3.3959963
2018-03-11 22:00:00,3.3956208
2018-03-11 23:00:00,3.3921642
2018-03-12 00:00:00,3.3816943
2018-03-12 01:00:00,3.386564
2018-03-12 02:00:00,3.3876424
2018-03-12 03:00:00,3.375963
2018-03-12 04:00:00,3.383431
2018-03-12 05:00:00,3.3745136
2018-03-12 06:00:00,3.380095
2018-03-12 07:00:00,3.3831444
2018-03-12 08:00:00,3.374343
2018-03-12 09:00:00,3.3839197
2018-03-12 10:00:00,3.39336
2018-03-12 11:00:00,3.3799005
2018-03-12 12:00:00,3.3772266
2018-03-12 13:00:00,3.3762662
2018-03-12 14:00:00,3.3756971
2018-03-12 15:00:00,3.3721118
2018-03-12 16:00:00,3.3686612
2018-03-12 17:00:00,3.374755
2018-03-12 18:00:00,3.3717124
2018-03-12 19:00:00,3.367887
2018-03-12 20:00:00,3.370342
2018-03-12 21:00:00,3.3609939
2018-03-12 22:00:00,3.3701854
2018-03-12 23:00:00,3.3747141
2018-03-13 00:00:00,3.3765676
2018-03-13 01:00:00,3.3720505
2018-03-13 02:00:00,3.372737
2018-03-13 03:00:00,3.3774388
2018-03-13 04:00:00,3.387565
2018-03-13 05:00:00,3.378373
2018-03-13 06:00:00,3.3687067
2018-03-13 07:00:00,3.3674924
2018-03-13 08:00:00,3.3636885
2018-03-13 09:00:00,3.391071
2018-03-13 10:00:00,3.4012928
2018-03-13 11:00:00,3.3914511
2018-03-13 12:00:00,3.3946185
2018-03-13 13:00:00,3.375459
2018-03-13 14:00:00,3.3849633
2018-03-13 15:00:00,3.3897398
2018-03-13 16:00:00,3.3806355
2018-03-13 17:00:00,3.3869574
2018-03-13 18:00:00,3.3818607
2018-03-13 19:00:00,3.3809638
2018-03-13 20:00:00,3.3868895
2018-03-13 21:00:00,3.376132
2018-03-13 22:00:00,3.3768563
2018-03-13 23:00:00,3.3811674
2018-03-14 00:00:00,3.3694117
2018-03-14 01:00:00,3.3610475
2018-03-14 02:00:00,3.365171
2018-03-14 03:00:00,3.372266
2018-03-14 04:00:00,3.3810322
2018-03-14 05:00:00,3.3883457
2018-03-14 06:00:00,3.3895676
2018-03-14 07:00:00,3.400042
2018-03-14 08:00:00,3.4072943
2018-03-14 09:00:00,3.414535
2018-03-14 10:00:00,3.410766
2018-03-14 11:00:00,3.417602
2018-03-14 12:00:00,3.4128819
2018-03-14 13:00:00,3.411005
2018-03-14 14:00:00,3.4208858
2018-03-14 15:00:00,3.4129682
2018-03-14 16:00:00,3.41729
2018-03-14 17:00:00,3.4164956
2018-03-14 18:00:00,3.4164646
2018-03-14 19:00:00,3.4278767
2018-03-14 20:00:00,3.4250097
2018-03-14 21:00:00,3.4193935
2018-03-14 22:00:00,3.4296842
2018-03-14 23:00:00,3.4263535
2018-03-15 00:00:00,3.4268913
2018-03-15 01:00:00,3.4243817
2018-03-15 02:00:00,3.418351
2018-03-15 03:00:00,3.4215655
2018-03-15 04:00:00,3.4163842
2018-03-15 05:00:00,3.4139073
2018-03-15 06:00:00,3.422289
2018-03-15 07:00:00,3.4210052
2018-03-15 08:00:00,3.4198184
2018-03-15 09:00:00,3.421694
2018-03-15 10:00:00,3.4190042
2018-03-15 11:00:00,3.4167955
2018-03-15 12:00:00,3.4175954
2018-03-15 13:00:00,3.4161026
2018-03-15 14:00:00,3.416149
2018-03-15 15:00:00,3.4187217
2018-03-15 16:00:00,3.411524
2018-03-15 17:00:00,3.415046
2018-03-15 18:00:00,3.418205
2018-03-15 19:00:00,3.422515
2018-03-15 20:00:00,3.4175353
2018-03-15 21:00:00,3.4163334
2018-03-15 22:00:00,3.4147058
2018-03-15 23:00:00,3.4164004
2018-03-16 00:00:00,3.4169414
2018-03-16 01:00:00,3.414394
2018-03-16 02:00:00,3.4084628
2018-03-16 03:00:00,3.4086382
2018-03-16 04:00:00,3.4111786
2018-03-16 05:00:00,3.4158127
2018-03-16 06:00:00,3.4117956
2018-03-16 07:00:00,3.412667
2018-03-16 08:00:00,3.4122045
2018-03-16 09:00:00,3.409778
2018-03-16 10:00:00,3.4111085
2018-03-16 11:00:00,3.4146106
2018-03-16 12:00:00,3.411353
2018-03-16 13:00:00,3.4082851
2018-03-16 14:00:00,3.412293
2018-03-16 15:00:00,3.4055219
2018-03-16 16:00:00,3.410372
2018-03-16 17:00:00,3.4097376
2018-03-16 18:00:00,3.402492
2018-03-16 19:00:00,3.4053288
2018-03-16 20:00:00,3.403896
2018-03-16 21:00:00,3.4104807
2018-03-16 22:00:00,3.4180284
2018-03-16 23:00:00,3.41273
2018-03-17 00:00:00,3.4110343
2018-03-17 01:00:00,3.4123123
2018-03-17 02:00:00,3.4095116
2018-03-17 03:00:00,3.4161906
2018-03-17 04:00:00,3.410486
2018-03-17 05:00:00,3.406518
2018-03-17 06:00:00,3.4073677
2018-03-17 07:00:00,3.4031086
2018-03-17 08:00:00,3.4138484
2018-03-17 09:00:00,3.4098067
2018-03-17 10:00:00,3.4108472
2018-03-17 11:00:00,3.4049377
2018-03-17 12:00:00,3.4053655
2018-03-17 13:00:00,3.4055455
2018-03-17 14:00:00,3.4045315
2018-03-17 15:00:00,3.405936
2018-03-17 16:00:00,3.4006824
2018-03-17 17:00:00,3.3974414
2018-03-17 18:00:00,3.4043808
2018-03-17 19:00:00,3.4064927
2018-03-17 20:00:00,3.4042997
2018-03-17 21:00:00,3.4028773
2018-03-17 22:00:00,3.4070623
2018-03-17 23:00:00,3.4024024
2018-03-18 00:00:00,3.4041183
2018-03-18 01:00:00,3.4009318
2018-03-18 02:00:00,3.4009497
2018-03-18 03:00:00,3.4009604
2018-03-18 04:00:00,3.401961
2018-03-18 05:00:00,3.4032016
2018-03-18 06:00:00,3.4042659
2018-03-18 07:00:00,3.404829
2018-03-18 08:00:00,3.407874
2018-03-18 09:00:00,3.40692
2018-03-18 10:00:00,3.411349
2018-03-18 11:00:00,3.4126804
2018-03-18 12:00:00,3.4105787
2018-03-18 13:00:00,3.416123
2018-03-18 14:00:00,3.4131117
2018-03-18 15:00:00,3.418188
2018-03-18 16:00:00,3.4145503
2018-03-18 17:00:00,3.4111748
2018-03-18 18:00:00,3.4206972
2018-03-18 19:00:00,3.411959
2018-03-18 20:00:00,3.4136817
2018-03-18 21:00:00,3.4134352
2018-03-18 22:00:00,3.412802
2018-03-18 23:00:00,3.4140847
2018-03-19 00:00:00,3.4086404
2018-03-19 01:00:00,3.4071836
2018-03-19 02:00:00,3.409945
2018-03-19 03:00:00,3.4071476
2018-03-19 04:00:00,3.40543
2018-03-19 05:00:00,3.4123178
2018-03-19 06:00:00,3.4038408
2018-03-19 07:00:00,3.407095
2018-03-19 08:00:00,3.409719
2018-03-19 09:00:00,3.4112263
2018-03-19 10:00:00,3.410494
2018-03-19 11:00:00,3.4111633
2018-03-19 12:00:00,3.4113088
2018-03-19 13:00:00,3.4088674
2018-03-19 14:00:00,3.4080353
2018-03-19 15:00:00,3.4105308
2018-03-19 16:00:00,3.410217
2018-03-19 17:00:00,3.4102194
2018-03-19 18:00:00,3.411375
2018-03-19 19:00:00,3.41247
2018-03-19 20:00:00,3.4091573
2018-03-19 21:00:00,3.4118845
2018-03-19 22:00:00,3.4100628
2018-03-19 23:00:00,3.415249
2018-03-20 00:00:00,3.4151547
2018-03-20 01:00:00,3.4184577
2018-03-20 02:00:00,3.420137
2018-03-20 03:00:00,3.4200673
2018-03-20 04:00:00,3.422304
2018-03-20 05:00:00,3.4261954
2018-03-20 06:00:00,3.4248123
2018-03-20 07:00:00,3.4320285
2018-03-20 08:00:00,3.4293845
2018-03-20 09:00:00,3.4300046
2018-03-20 10:00:00,3.4323256
2018-03-20 11:00:00,3.4317374
2018-03-20 12:00:00,3.4300182
2018-03-20 13:00:00,3.4409451
2018-03-20 14:00:00,3.4279506
2018-03-20 15:00:00,3.434227
2018-03-20 16:00:00,3.434854
2018-03-20 17:00:00,3.424937
2018-03-20 18:00:00,3.428665
2018-03-20 19:00:00,3.4268491
2018-03-20 20:00:00,3.4230523
2018-03-20 21:00:00,3.4229872
2018-03-20 22:00:00,3.4174142
2018-03-20 23:00:00,3.4285831
2018-03-21 00:00:00,3.4245331
2018-03-21 01:00:00,3.4216897
2018-03-21 02:00:00,3.4274857
2018-03-21 03:00:00,3.4240565
2018-03-21 04:00:00,3.4264235
2018-03-21 05:00:00,3.4207337
2018-03-21 06:00:00,3.415926
2018-03-21 07:00:00,3.4151368
2018-03-21 08:00:00,3.416335
2018-03-21 09:00:00,3.4143894
2018-03-21 10:00:00,3.412829
2018-03-21 11:00:00,3.4089248
2018-03-21 12:00:00,3.4023988
2018-03-21 13:00:00,3.4014838
2018-03-21 14:00:00,3.3953905
2018-03-21 15:00:00,3.4073606
2018-03-21 16:00:00,3.402532
2018-03-21 17:00:00,3.3925073
2018-03-21 18:00:00,3.3985114
2018-03-21 19:00:00,3.4012094
2018-03-21 20:00:00,3.4053204
2018-03-21 21:00:00,3.4088259
2018-03-21 22:00:00,3.4112248
2018-03-21 23:00:00,3.4169974
2018-03-22 00:00:00,3.4150696
2018-03-22 01:00:00,3.4173007
2018-03-22 02:00:00,3.420686
2018-03-22 03:00:00,3.4138806
2018-03-22 04:00:00,3.4202707
2018-03-22 05:00:00,3.4220996
2018-03-22 06:00:00,3.4206915
2018-03-22 07:00:00,3.418758
2018-03-22 08:00:00,3.416735
2018-03-22 09:00:00,3.4173133
2018-03-22 10:00:00,3.4195547
2018-03-22 11:00:00,3.412005
2018-03-22 12:00:00,3.4156482
2018-03-22 13:00:00,3.4138339
2018-03-22 14:00:00,3.4178627
2018-03-22 15:00:00,3.4166236
2018-03-22 16:00:00,3.4171329
2018-03-22 17:00:00,3.4180217
2018-03-22 18:00:00,3.418684
2018-03-22 19:00:00,3.4180465
2018-03-22 20:00:00,3.421317
2018-03-22 21:00:00,3.4225051
2018-03-22 22:00:00,3.4229593
2018-03-22 23:00:00,3.4235003
2018-03-23 00:00:00,3.4225366
2018-03-23 01:00:00,3.417685
2018-03-23 02:00:00,3.416426
2018-03-23 03:00:00,3.420299
2018-03-23 04:00:00,3.4188235
2018-03-23 05:00:00,3.4165473
2018-03-23 06:00:00,3.4201612
2018-03-23 07:00:00,3.4157734
2018-03-23 08:00:00,3.413054
2018-03-23 09:00:00,3.4143355
2018-03-23 10:00:00,3.4203925
2018-03-23 11:00:00,3.421725
2018-03-23 12:00:00,3.4186168
2018-03-23 13:00:00,3.4204054
2018-03-23 14:00:00,3.422069
2018-03-23 15:00:00,3.4252179
2018-03-23 16:00:00,3.4173465
2018-03-23 17:00:00,3.424534
2018-03-23 18:00:00,3.426278
2018-03-23 19:00:00,3.424729
2018-03-23 20:00:00,3.4197752
2018-03-23 21:00:00,3.4203205
2018-03-23 22:00:00,3.4238517
2018-03-23 23:00:00,3.4181828
2018-03-24 00:00:00,3.4170115
2018-03-24 01:00:00,3.4235997
2018-03-24 02:00:00,3.4213197
2018-03-24 03:00:00,3.4215949
2018-03-24 04:00:00,3.4158592
2018-03-24 05:00:00,3.4228954
2018-03-24 06:00:00,3.4161775
2018-03-24 07:00:00,3.424842
2018-03-24 08:00:00,3.4131308
2018-03-24 09:00:00,3.4198391
2018-03-24 10:00:00,3.4111338
2018-03-24 11:00:00,3.411604
2018-03-24 12:00:00,3.4162855
2018-03-24 13:00:00,3.4155104
2018-03-24 14:00:00,3.4137092
2018-03-24 15:00:00,3.4142594
2018-03-24 16:00:00,3.4095547
2018-03-24 17:00:00,3.4000657
2018-03-24 18:00:00,3.405954
2018-03-24 19:00:00,3.4101532
2018-03-24 20:00:00,3.4097164
2018-03-24 21:00:00,3.4046884
2018-03-24 22:00:00,3.403155
2018-03-24 23:00:00,3.4153547
2018-03-25 00:00:00,3.4050326
2018-03-25 01:00:00,3.4090533
2018-03-25 02:00:00,3.4134936
2018-03-25 03:00:00,3.4085577
2018-03-25 04:00:00,3.4082212
2018-03-25 05:00:00,3.3937585
2018-03-25 06:00:00,3.40044
2018-03-25 07:00:00,3.4047432
2018-03-25 08:00:00,3.3985188
2018-03-25 09:00:00,3.4013197
2018-03-25 10:00:00,3.378981
2018-03-25 11:00:00,3.3696725
2018-03-25 12:00:00,3.3791442
2018-03-25 13:00:00,3.3775811
2018-03-25 14:00:00,3.380881
2018-03-25 15:00:00,3.383118
2018-03-25 16:00:00,3.3984485
2018-03-25 17:00:00,3.4036682
2018-03-25 18:00:00,3.401327
2018-03-25 19:00:00,3.4056816
2018-03-25 20:00:00,3.4073765
2018-03-25 21:00:00,3.4161875
2018-03-25 22:00:00,3.4157865
2018-03-25 23:00:00,3.4128866
2018-03-26 00:00:00,3.42426
2018-03-26 01:00:00,3.4212098
2018-03-26 02:00:00,3.4163756
2018-03-26 03:00:00,3.423822
2018-03-26 04:00:00,3.4143372
2018-03-26 05:00:00,3.4160666
2018-03-26 06:00:00,3.4228268
2018-03-26 07:00:00,3.425682
2018-03-26 08:00:00,3.4187076
2018-03-26 09:00:00,3.400962
2018-03-26 10:00:00,3.4159672
2018-03-26 11:00:00,3.4129581
2018-03-26 12:00:00,3.408007
2018-03-26 13:00:00,3.410805
2018-03-26 14:00:00,3.4038467
2018-03-26 15:00:00,3.4090967
2018-03-26 16:00:00,3.4103239
2018-03-26 17:00:00,3.4045672
2018-03-26 18:00:00,3.4157112
2018-03-26 19:00:00,3.415353
2018-03-26 20:00:00,3.4098153
2018-03-26 21:00:00,3.408329
2018-03-26 22:00:00,3.4037867
2018-03-26 23:00:00,3.417089
2018-03-27 00:00:00,3.4144988
2018-03-27 01:00:00,3.4102488
2018-03-27 02:00:00,3.4107375
2018-03-27 03:00:00,3.4074473
2018-03-27 04:00:00,3.4135249
2018-03-27 05:00:00,3.4102066
2018-03-27 06:00:00,3.4033878
2018-03-27 07:00:00,3.4072728
2018-03-27 08:00:00,3.4089146
2018-03-27 09:00:00,3.402093
2018-03-27 10:00:00,3.4055932
2018-03-27 11:00:00,3.402921
2018-03-27 12:00:00,3.409856
2018-03-27 13:00:00,3.4035637
2018-03-27 14:00:00,3.4058921
2018-03-27 15:00:00,3.4124742
2018-03-27 16:00:00,3.406312
2018-03-27 17:00:00,3.4081547
2018-03-27 18:00:00,3.404219
2018-03-27 19:00:00,3.4081178
2018-03-27 20:00:00,3.4132946
2018-03-27 21:00:00,3.4034245
2018-03-27 22:00:00,3.4057257
2018-03-27 23:00:00,3.4105036
2018-03-28 00:00:00,3.4049237
2018-03-28 01:00:00,3.4129326
2018-03-28 02:00:00,3.4016728
2018-03-28 03:00:00,3.4033623
2018-03-28 04:00:00,3.4080722
2018-03-28 05:00:00,3.4028502
2018-03-28 06:00:00,3.4081469
2018-03-28 07:00:00,3.4114578
2018-03-28 08:00:00,3.4093156
2018-03-28 09:00:00,3.414562
2018-03-28 10:00:00,3.4132016
2018-03-28 11:00:00,3.410913
2018-03-28 12:00:00,3.4177759
2018-03-28 13:00:00,3.4096982
2018-03-28 14:00:00,3.412847
2018-03-28 15:00:00,3.4167862
2018-03-28 16:00:00,3.4164927
2018-03-28 17:00:00,3.418859
2018-03-28 18:00:00,3.4224837
2018-03-28 19:00:00,3.4225922
2018-03-28 20:00:00,3.4236088
2018-03-28 21:00:00,3.4207006
2018-03-28 22:00:00,3.4229302
2018-03-28 23:00:00,3.4216728
2018-03-29 00:00:00,3.4183092
2018-03-29 01:00:00,3.41411
2018-03-29 02:00:00,3.4141557
2018-03-29 03:00:00,3.4173903
2018-03-29 04:00:00,3.4190524
2018-03-29 05:00:00,3.4156394
2018-03-29 06:00:00,3.4162683
2018-03-29 07:00:00,3.4076345
2018-03-29 08:00:00,3.4107895
2018-03-29 09:00:00,3.412109
2018-03-29 10:00:00,3.4096138
2018-03-29 11:00:00,3.4060163
2018-03-29 12:00:00,3.4016442
2018-03-29 13:00:00,3.40595
2018-03-29 14:00:00,3.4054818
2018-03-29 15:00:00,3.4154665
2018-03-29 16:00:00,3.410495
2018-03-29 17:00:00,3.4064434
2018-03-29 18:00:00,3.4037611
2018-03-29 19:00:00,3.410845
2018-03-29 20:00:00,3.4104674
2018-03-29 21:00:00,3.411498
2018-03-29 22:00:00,3.4102163
2018-03-29 23:00:00,3.4078865
2018-03-30 00:00:00,3.4119096
2018-03-30 01:00:00,3.4152644
2018-03-30 02:00:00,3.4159808
2018-03-30 03:00:00,3.4155755
2018-03-30 04:00:00,3.4218225
2018-03-30 05:00:00,3.420242
2018-03-30 06:00:00,3.4205172
2018-03-30 07:00:00,3.4202037
2018-03-30 08:00:00,3.4225616
2018-03-30 09:00:00,3.4219122
2018-03-30 10:00:00,3.422727
2018-03-30 11:00:00,3.423965
2018-03-30 12:00:00,3.4225738
2018-03-30 13:00:00,3.4252841
2018-03-30 14:00:00,3.4250712
2018-03-30 15:00:00,3.4228394
2018-03-30 16:00:00,3.4260266
2018-03-30 17:00:00,3.4294376
2018-03-30 18:00:00,3.423403
2018-03-30 19:00:00,3.4262884
2018-03-30 20:00:00,3.4279866
2018-03-30 21:00:00,3.4264615
2018-03-30 22:00:00,3.4225938
2018-03-30 23:00:00,3.4242287
2018-03-31 00:00:00,3.4252186
2018-03-31 01:00:00,3.4225307
2018-03-31 02:00:00,3.4229193
2018-03-31 03:00:00,3.4205897
2018-03-31 04:00:00,3.4213083
2018-03-31 05:00:00,3.4212615
2018-03-31 06:00:00,3.4185236
2018-03-31 07:00:00,3.4183772
2018-03-31 08:00:00,3.4236195
2018-03-31 09:00:00,3.4207253
2018-03-31 10:00:00,3.4163213
2018-03-31 11:00:00,3.4107213
2018-03-31 12:00:00,3.4068878
2018-03-31 13:00:00,3.4126525
2018-03-31 14:00:00,3.4015563
2018-03-31 15:00:00,3.3986375
2018-03-31 16:00:00,3.3981583
2018-03-31 17:00:00,3.3930476
2018-03-31 18:00:00,3.3990302
2018-03-31 19:00:00,3.3913765
2018-03-31 20:00:00,3.4053495
2018-03-31 21:00:00,3.4130306
2018-03-31 22:00:00,3.4113533
2018-03-31 23:00:00,3.4247108
2018-04-01 00:00:00,3.4264767
2018-04-01 01:00:00,3.424193
2018-04-01 02:00:00,3.4234586
2018-04-01 03:00:00,3.420844
2018-04-01 04:00:00,3.4194157
2018-04-01 05:00:00,3.4187698
2018-04-01 06:00:00,3.4170241
2018-04-01 07:00:00,3.4204295
2018-04-01 08:00:00,3.415711
2018-04-01 09:00:00,3.4151187
2018-04-01 10:00:00,3.4132254
2018-04-01 11:00:00,3.4103432
2018-04-01 12:00:00,3.4151247
2018-04-01 13:00:00,3.413029
2018-04-01 14:00:00,3.4118025
2018-04-01 15:00:00,3.4155726
2018-04-01 16:00:00,3.4164093
2018-04-01 17:00:00,3.4183621
2018-04-01 18:00:00,3.4177527
2018-04-01 19:00:00,3.4128513
2018-04-01 20:00:00,3.412481
2018-04-01 21:00:00,3.4104764
2018-04-01 22:00:00,3.4143987
2018-04-01 23:00:00,3.4103212
2018-04-02 00:00:00,3.4082537
2018-04-02 01:00:00,3.409515
2018-04-02 02:00:00,3.4109447
2018-04-02 03:00:00,3.4125862
2018-04-02 04:00:00,3.4096508
2018-04-02 05:00:00,3.412863
2018-04-02 06:00:00,3.4070404
2018-04-02 07:00:00,3.4042737
2018-04-02 08:00:00,3.402638
2018-04-02 09:00:00,3.4046755
2018-04-02 10:00:00,3.404562
2018-04-02 11:00:00,3.4077845
2018-04-02 12:00:00,3.4027882
2018-04-02 13:00:00,3.4052336
2018-04-02 14:00:00,3.4092734
2018-04-02 15:00:00,3.4055443
2018-04-02 16:00:00,3.4070592
2018-04-02 17:00:00,3.4080322
2018-04-02 18:00:00,3.4112082
2018-04-02 19:00:00,3.4057307
2018-04-02 20:00:00,3.407939
2018-04-02 21:00:00,3.4119291
2018-04-02 22:00:00,3.4151034
2018-04-02 23:00:00,3.413342
2018-04-03 00:00:00,3.4057112
2018-04-03 01:00:00,3.4154027
2018-04-03 02:00:00,3.4114547
2018-04-03 03:00:00,3.4097447
2018-04-03 04:00:00,3.4101179
2018-04-03 05:00:00,3.4140165
2018-04-03 06:00:00,3.423461
2018-04-03 07:00:00,3.4162037
2018-04-03 08:00:00,3.4102879
2018-04-03 09:00:00,3.4093409
2018-04-03 10:00:00,3.4186807
2018-04-03 11:00:00,3.4125862
2018-04-03 12:00:00,3.4072375
2018-04-03 13:00:00,3.4062226
2018-04-03 14:00:00,3.4134479
2018-04-03 15:00:00,3.413544
2018-04-03 16:00:00,3.409311
2018-04-03 17:00:00,3.4172444
2018-04-03 18:00:00,3.4176753
2018-04-03 19:00:00,3.4210997
2018-04-03 20:00:00,3.417939
2018-04-03 21:00:00,3.41051
2018-04-03 22:00:00,3.4120057
2018-04-03 23:00:00,3.4095733
2018-04-04 00:00:00,3.4065168
2018-04-04 01:00:00,3.4101355
2018-04-04 02:00:00,3.4104025
2018-04-04 03:00:00,3.4140282
2018-04-04 04:00:00,3.4154882
2018-04-04 05:00:00,3.4213235
2018-04-04 06:00:00,3.4231431
2018-04-04 07:00:00,3.4181828
2018-04-04 08:00:00,3.421469
2018-04-04 09:00:00,3.4202306
2018-04-04 10:00:00,3.4155612
2018-04-04 11:00:00,3.4204924
2018-04-04 12:00:00,3.415092
2018-04-04 13:00:00,3.4130762
2018-04-04 14:00:00,3.4104414
2018-04-04 15:00:00,3.4191306
2018-04-04 16:00:00,3.4184585
2018-04-04 17:00:00,3.4200857
2018-04-04 18:00:00,3.4173877
2018-04-04 19:00:00,3.4194317
2018-04-04 20:00:00,3.4114158
2018-04-04 21:00:00,3.4129837
2018-04-04 22:00:00,3.4127462
2018-04-04 23:00:00,3.4150567
2018-04-05 00:00:00,3.417456
2018-04-05 01:00:00,3.4117799
2018-04-05 02:00:00,3.4155407
2018-04-05 03:00:00,3.4259946
2018-04-05 04:00:00,3.4235797
2018-04-05 05:00:00,3.4122102
2018-04-05 06:00:00,3.4135027
2018-04-05 07:00:00,3.405895
2018-04-05 08:00:00,3.409577
2018-04-05 09:00:00,3.416453
2018-04-05 10:00:00,3.4140995
2018-04-05 11:00:00,3.4138858
2018-04-05 12:00:00,3.4114966
2018-04-05 13:00:00,3.4145327
2018-04-05 14:00:00,3.4148047
2018-04-05 15:00:00,3.41752
2018-04-05 16:00:00,3.4192007
2018-04-05 17:00:00,3.4172091
2018-04-05 18:00:00,3.4193735
2018-04-05 19:00:00,3.4183714
2018-04-05 20:00:00,3.4158614
2018-04-05 21:00:00,3.4161382
2018-04-05 22:00:00,3.414613
2018-04-05 23:00:00,3.4114969
2018-04-06 00:00:00,3.4071872
2018-04-06 01:00:00,3.4111755
2018-04-06 02:00:00,3.4116044
2018-04-06 03:00:00,3.409305
2018-04-06 04:00:00,3.4052465
2018-04-06 05:00:00,3.4023182
2018-04-06 06:00:00,3.4036536
2018-04-06 07:00:00,3.4002726
2018-04-06 08:00:00,3.402257
2018-04-06 09:00:00,3.4026415
2018-04-06 10:00:00,3.402284
2018-04-06 11:00:00,3.4039218
2018-04-06 12:00:00,3.4058883
2018-04-06 13:00:00,3.4059381
2018-04-06 14:00:00,3.4128213
2018-04-06 15:00:00,3.4047062
2018-04-06 16:00:00,3.410096
2018-04-06 17:00:00,3.412707
2018-04-06 18:00:00,3.4071836
2018-04-06 19:00:00,3.414253
2018-04-06 20:00:00,3.4164286
2018-04-06 21:00:00,3.4129212
2018-04-06 22:00:00,3.418134
2018-04-06 23:00:00,3.4201453
2018-04-07 00:00:00,3.4221845
2018-04-07 01:00:00,3.4206822
2018-04-07 02:00:00,3.418566
2018-04-07 03:00:00,3.4173899
2018-04-07 04:00:00,3.416938
2018-04-07 05:00:00,3.4209743
2018-04-07 06:00:00,3.4202747
2018-04-07 07:00:00,3.4190784
2018-04-07 08:00:00,3.41838
2018-04-07 09:00:00,3.4134371
2018-04-07 10:00:00,3.4129882
2018-04-07 11:00:00,3.4125276
2018-04-07 12:00:00,3.4075217
2018-04-07 13:00:00,3.4004872
2018-04-07 14:00:00,3.40731
2018-04-07 15:00:00,3.4091685
2018-04-07 16:00:00,3.4092016
2018-04-07 17:00:00,3.4109595
2018-04-07 18:00:00,3.414439
2018-04-07 19:00:00,3.4092574
2018-04-07 20:00:00,3.4069543
2018-04-07 21:00:00,3.4143744
2018-04-07 22:00:00,3.4102452
2018-04-07 23:00:00,3.4058843
2018-04-08 00:00:00,3.4074132
2018-04-08 01:00:00,3.4135096
2018-04-08 02:00:00,3.409019
2018-04-08 03:00:00,3.4164271
2018-04-08 04:00:00,3.413886
2018-04-08 05:00:00,3.411636
2018-04-08 06:00:00,3.4181476
2018-04-08 07:00:00,3.414156
2018-04-08 08:00:00,3.4198036
2018-04-08 09:00:00,3.4238603
2018-04-08 10:00:00,3.4212735
2018-04-08 11:00:00,3.4190505
2018-04-08 12:00:00,3.4225974
2018-04-08 13:00:00,3.4176524
2018-04-08 14:00:00,3.4204633
2018-04-08 15:00:00,3.4137998
2018-04-08 16:00:00,3.4079835
2018-04-08 17:00:00,3.418804
2018-04-08 18:00:00,3.415455
2018-04-08 19:00:00,3.4260616
2018-04-08 20:00:00,3.4244933
2018-04-08 21:00:00,3.423169
2018-04-08 22:00:00,3.4283953
2018-04-08 23:00:00,3.425045
2018-04-09 00:00:00,3.4276721
2018-04-09 01:00:00,3.4321046
2018-04-09 02:00:00,3.426939
2018-04-09 03:00:00,3.4212859
2018-04-09 04:00:00,3.425435
2018-04-09 05:00:00,3.4262443
2018-04-09 06:00:00,3.426365
2018-04-09 07:00:00,3.4258518
2018-04-09 08:00:00,3.4240832
2018-04-09 09:00:00,3.425949
2018-04-09 10:00:00,3.4236631
2018-04-09 11:00:00,3.4211545
2018-04-09 12:00:00,3.420056
2018-04-09 13:00:00,3.4157262
2018-04-09 14:00:00,3.4149826
2018-04-09 15:00:00,3.419456
2018-04-09 16:00:00,3.4190423
2018-04-09 17:00:00,3.422851
2018-04-09 18:00:00,3.4187558
2018-04-09 19:00:00,3.4238648
2018-04-09 20:00:00,3.4206603
2018-04-09 21:00:00,3.4176447
2018-04-09 22:00:00,3.4153936
2018-04-09 23:00:00,3.416773
2018-04-10 00:00:00,3.418458
2018-04-10 01:00:00,3.4124095
2018-04-10 02:00:00,3.4130266
2018-04-10 03:00:00,3.4131324
2018-04-10 04:00:00,3.4097428
2018-04-10 05:00:00,3.4123993
2018-04-10 06:00:00,3.4123347
2018-04-10 07:00:00,3.412343
2018-04-10 08:00:00,3.416458
2018-04-10 09:00:00,3.4115672
2018-04-10 10:00:00,3.4175422
2018-04-10 11:00:00,3.4160743
2018-04-10 12:00:00,3.4214792
2018-04-10 13:00:00,3.4192996
2018-04-10 14:00:00,3.4146767
2018-04-10 15:00:00,3.426061
2018-04-10 16:00:00,3.4238102
2018-04-10 17:00:00,3.4206092
2018-04-10 18:00:00,3.4224231
2018-04-10 19:00:00,3.4197636
2018-04-10 20:00:00,3.422663
2018-04-10 21:00:00,3.4217122
2018-04-10 22:00:00,3.422711
2018-04-10 23:00:00,3.4237041
2018-04-11 00:00:00,3.4221702
2018-04-11 01:00:00,3.4219894
2018-04-11 02:00:00,3.4218302
2018-04-11 03:00:00,3.4214816
2018-04-11 04:00:00,3.4226637
2018-04-11 05:00:00,3.4243436
2018-04-11 06:00:00,3.42101
2018-04-11 07:00:00,3.4166207
2018-04-11 08:00:00,3.4168115
2018-04-11 09:00:00,3.4179134
2018-04-11 10:00:00,3.4150448
2018-04-11 11:00:00,3.417955
2018-04-11 12:00:00,3.4151464
2018-04-11 13:00:00,3.416399
2018-04-11 14:00:00,3.4155638
2018-04-11 15:00:00,3.4172125
2018-04-11 16:00:00,3.4201524
2018-04-11 17:00:00,3.426469
2018-04-11 18:00:00,3.4189007
2018-04-11 19:00:00,3.4235291
2018-04-11 20:00:00,3.424926
2018-04-11 21:00:00,3.4240618
2018-04-11 22:00:00,3.4293156
2018-04-11 23:00:00,3.4228034
2018-04-12 00:00:00,3.4215648
2018-04-12 01:00:00,3.4199176
2018-04-12 02:00:00,3.4152222
2018-04-12 03:00:00,3.420403
2018-04-12 04:00:00,3.4212668
2018-04-12 05:00:00,3.4173627
2018-04-12 06:00:00,3.421384
2018-04-12 07:00:00,3.4160054
2018-04-12 08:00:00,3.4184153
2018-04-12 09:00:00,3.4188514
2018-04-12 10:00:00,3.413197
2018-04-12 11:00:00,3.4144678
2018-04-12 12:00:00,3.4140584
2018-04-12 13:00:00,3.415393
2018-04-12 14:00:00,3.4172833
2018-04-12 15:00:00,3.4164953
2018-04-12 16:00:00,3.4178157
2018-04-12 17:00:00,3.4176238
2018-04-12 18:00:00,3.4179265
2018-04-12 19:00:00,3.4197588
2018-04-12 20:00:00,3.4201255
2018-04-12 21:00:00,3.4193852
2018-04-12 22:00:00,3.4241762
2018-04-12 23:00:00,3.4188647
2018-04-13 00:00:00,3.4220076
2018-04-13 01:00:00,3.4244492
2018-04-13 02:00:00,3.4258409
2018-04-13 03:00:00,3.4266484
2018-04-13 04:00:00,3.424543
2018-04-13 05:00:00,3.425183
2018-04-13 06:00:00,3.4238486
2018-04-13 07:00:00,3.424204
2018-04-13 08:00:00,3.4241328
2018-04-13 09:00:00,3.4202845
2018-04-13 10:00:00,3.4223228
2018-04-13 11:00:00,3.4231195
2018-04-13 12:00:00,3.4240718
2018-04-13 13:00:00,3.4216769
2018-04-13 14:00:00,3.4176562
2018-04-13 15:00:00,3.4196584
2018-04-13 16:00:00,3.4224184
2018-04-13 17:00:00,3.4139032
2018-04-13 18:00:00,3.4173765
2018-04-13 19:00:00,3.4157994
2018-04-13 20:00:00,3.4139988
2018-04-13 21:00:00,3.41714
2018-04-13 22:00:00,3.4146209
2018-04-13 23:00:00,3.4175305
2018-04-14 00:00:00,3.4114017
2018-04-14 01:00:00,3.410489
2018-04-14 02:00:00,3.4123478
2018-04-14 03:00:00,3.4109325
2018-04-14 04:00:00,3.409174
2018-04-14 05:00:00,3.409547
2018-04-14 06:00:00,3.4081511
2018-04-14 07:00:00,3.4066288
2018-04-14 08:00:00,3.4087095
2018-04-14 09:00:00,3.4069483
2018-04-14 10:00:00,3.4075646
2018-04-14 11:00:00,3.4103343
2018-04-14 12:00:00,3.4124408
2018-04-14 13:00:00,3.4111907
2018-04-14 14:00:00,3.4142811
2018-04-14 15:00:00,3.413943
2018-04-14 16:00:00,3.411688
2018-04-14 17:00:00,3.4101155
2018-04-14 18:00:00,3.414103
2018-04-14 19:00:00,3.4132144
2018-04-14 20:00:00,3.4161375
2018-04-14 21:00:00,3.418015
2018-04-14 22:00:00,3.4198365
2018-04-14 23:00:00,3.4180934
2018-04-15 00:00:00,3.4198396
2018-04-15 01:00:00,3.4188693
2018-04-15 02:00:00,3.418661
2018-04-15 03:00:00,3.415601
2018-04-15 04:00:00,3.41802
2018-04-15 05:00:00,3.4164214
2018-04-15 06:00:00,3.4146287
2018-04-15 07:00:00,3.4175391
2018-04-15 08:00:00,3.4120808
2018-04-15 09:00:00,3.4160957
2018-04-15 10:00:00,3.4169412
2018-04-15 11:00:00,3.41327
2018-04-15 12:00:00,3.4185543
2018-04-15 13:00:00,3.4161303
2018-04-15 14:00:00,3.4154558
2018-04-15 15:00:00,3.4082408
2018-04-15 16:00:00,3.409876
2018-04-15 17:00:00,3.4161172
2018-04-15 18:00:00,3.4133475
2018-04-15 19:00:00,3.411072
2018-04-15 20:00:00,3.4139304
2018-04-15 21:00:00,3.4091735
2018-04-15 22:00:00,3.4114165
2018-04-15 23:00:00,3.4117267
2018-04-16 00:00:00,3.4113207
2018-04-16 01:00:00,3.415394
2018-04-16 02:00:00,3.4140847
2018-04-16 03:00:00,3.4153924
2018-04-16 04:00:00,3.4170914
2018-04-16 05:00:00,3.4161255
2018-04-16 06:00:00,3.419179
2018-04-16 07:00:00,3.4091563
2018-04-16 08:00:00,3.412753
2018-04-16 09:00:00,3.4155848
2018-04-16 10:00:00,3.407088
2018-04-16 11:00:00,3.4127302
2018-04-16 12:00:00,3.4083686
2018-04-16 13:00:00,3.4141102
2018-04-16 14:00:00,3.417082
2018-04-16 15:00:00,3.4103556
2018-04-16 16:00:00,3.407723
2018-04-16 17:00:00,3.4086082
2018-04-16 18:00:00,3.407751
2018-04-16 19:00:00,3.413894
2018-04-16 20:00:00,3.4068913
2018-04-16 21:00:00,3.4094255
2018-04-16 22:00:00,3.4121325
2018-04-16 23:00:00,3.4093175
2018-04-17 00:00:00,3.4122045
2018-04-17 01:00:00,3.4202368
2018-04-17 02:00:00,3.418466
2018-04-17 03:00:00,3.4256546
2018-04-17 04:00:00,3.4150069
2018-04-17 05:00:00,3.4131787
2018-04-17 06:00:00,3.4218273
2018-04-17 07:00:00,3.4243886
2018-04-17 08:00:00,3.420086
2018-04-17 09:00:00,3.4198377
2018-04-17 10:00:00,3.421522
2018-04-17 11:00:00,3.4266374
2018-04-17 12:00:00,3.4200945
2018-04-17 13:00:00,3.4248953
2018-04-17 14:00:00,3.4252305
2018-04-17 15:00:00,3.4234483
2018-04-17 16:00:00,3.4249315
2018-04-17 17:00:00,3.4218314
2018-04-17 18:00:00,3.420413
2018-04-17 19:00:00,3.4191906
2018-04-17 20:00:00,3.418301
2018-04-17 21:00:00,3.4175446
2018-04-17 22:00:00,3.4177785
2018-04-17 23:00:00,3.4132771
2018-04-18 00:00:00,3.411288
2018-04-18 01:00:00,3.4086382
2018-04-18 02:00:00,3.413848
2018-04-18 03:00:00,3.4128509
2018-04-18 04:00:00,3.407916
2018-04-18 05:00:00,3.411127
2018-04-18 06:00:00,3.4112859
2018-04-18 07:00:00,3.4116216
2018-04-18 08:00:00,3.4098375
2018-04-18 09:00:00,3.4105413
2018-04-18 10:00:00,3.4137325
2018-04-18 11:00:00,3.413125
2018-04-18 12:00:00,3.408309
2018-04-18 13:00:00,3.4110565
2018-04-18 14:00:00,3.4124362
2018-04-18 15:00:00,3.4131236
2018-04-18 16:00:00,3.411273
2018-04-18 17:00:00,3.412108
2018-04-18 18:00:00,3.4155564
2018-04-18 19:00:00,3.4099283
2018-04-18 20:00:00,3.4103007
2018-04-18 21:00:00,3.4150553
2018-04-18 22:00:00,3.410136
2018-04-18 23:00:00,3.4072845
2018-04-19 00:00:00,3.4127245
2018-04-19 01:00:00,3.4127433
2018-04-19 02:00:00,3.4171247
2018-04-19 03:00:00,3.4102864
2018-04-19 04:00:00,3.4117653
2018-04-19 05:00:00,3.4132423
2018-04-19 06:00:00,3.415419
2018-04-19 07:00:00,3.4135203
2018-04-19 08:00:00,3.4121077
2018-04-19 09:00:00,3.4090683
2018-04-19 10:00:00,3.4103322
2018-04-19 11:00:00,3.4139876
2018-04-19 12:00:00,3.4139802
2018-04-19 13:00:00,3.4100895
2018-04-19 14:00:00,3.405238
2018-04-19 15:00:00,3.402677
2018-04-19 16:00:00,3.40397
2018-04-19 17:00:00,3.4060588
2018-04-19 18:00:00,3.406235
2018-04-19 19:00:00,3.4040074
2018-04-19 20:00:00,3.4055524
2018-04-19 21:00:00,3.4105866
2018-04-19 22:00:00,3.407493
2018-04-19 23:00:00,3.410308
2018-04-20 00:00:00,3.4108558
2018-04-20 01:00:00,3.4078856
2018-04-20 02:00:00,3.4100606
2018-04-20 03:00:00,3.4040284
2018-04-20 04:00:00,3.4097948
2018-04-20 05:00:00,3.409616
2018-04-20 06:00:00,3.4077795
2018-04-20 07:00:00,3.4042861
2018-04-20 08:00:00,3.409028
2018-04-20 09:00:00,3.4067588
2018-04-20 10:00:00,3.408864
2018-04-20 11:00:00,3.4089544
2018-04-20 12:00:00,3.4114099
2018-04-20 13:00:00,3.412639
2018-04-20 14:00:00,3.4104857
2018-04-20 15:00:00,3.414856
2018-04-20 16:00:00,3.4147167
2018-04-20 17:00:00,3.4131231
2018-04-20 18:00:00,3.4080007
2018-04-20 19:00:00,3.408961
2018-04-20 20:00:00,3.4080727
2018-04-20 21:00:00,3.4120765
2018-04-20 22:00:00,3.407461
2018-04-20 23:00:00,3.4023824
2018-04-21 00:00:00,3.4015386
2018-04-21 01:00:00,3.40527
2018-04-21 02:00:00,3.4060817
2018-04-21 03:00:00,3.406097
2018-04-21 04:00:00,3.403194
2018-04-21 05:00:00,3.406788
2018-04-21 06:00:00,3.4046397
2018-04-21 07:00:00,3.4108407
2018-04-21 08:00:00,3.4108715
2018-04-21 09:00:00,3.4150443
2018-04-21 10:00:00,3.4073734
2018-04-21 11:00:00,3.4082992
2018-04-21 12:00:00,3.4046412
2018-04-21 13:00:00,3.4082577
2018-04-21 14:00:00,3.412841
2018-04-21 15:00:00,3.4105327
2018-04-21 16:00:00,3.404896
2018-04-21 17:00:00,3.4068558
2018-04-21 18:00:00,3.4137216
2018-04-21 19:00:00,3.4131937
2018-04-21 20:00:00,3.4108293
2018-04-21 21:00:00,3.40836
2018-04-21 22:00:00,3.4110785
2018-04-21 23:00:00,3.4029603
2018-04-22 00:00:00,3.407926
2018-04-22 01:00:00,3.4095962
2018-04-22 02:00:00,3.4003305
2018-04-22 03:00:00,3.4088404
2018-04-22 04:00:00,3.4082413
2018-04-22 05:00:00,3.4150703
2018-04-22 06:00:00,3.4172096
2018-04-22 07:00:00,3.415394
2018-04-22 08:00:00,3.4187062
2018-04-22 09:00:00,3.4167128
2018-04-22 10:00:00,3.4170616
2018-04-22 11:00:00,3.416332
2018-04-22 12:00:00,3.4142752
2018-04-22 13:00:00,3.4200988
2018-04-22 14:00:00,3.4205456
2018-04-22 15:00:00,3.418905
2018-04-22 16:00:00,3.4227793
2018-04-22 17:00:00,3.420833
2018-04-22 18:00:00,3.421752
2018-04-22 19:00:00,3.4228463
2018-04-22 20:00:00,3.421454
2018-04-22 21:00:00,3.4195185
2018-04-22 22:00:00,3.412198
2018-04-22 23:00:00,3.4178061
2018-04-23 00:00:00,3.4161985
2018-04-23 01:00:00,3.4164767
2018-04-23 02:00:00,3.4195652
2018-04-23 03:00:00,3.4185784
2018-04-23 04:00:00,3.416377
2018-04-23 05:00:00,3.4220943
2018-04-23 06:00:00,3.409936
2018-04-23 07:00:00,3.414865
2018-04-23 08:00:00,3.410744
2018-04-23 09:00:00,3.4097695
2018-04-23 10:00:00,3.4048808
2018-04-23 11:00:00,3.4065094
2018-04-23 12:00:00,3.4127257
2018-04-23 13:00:00,3.4098659
2018-04-23 14:00:00,3.405899
2018-04-23 15:00:00,3.411258
2018-04-23 16:00:00,3.410924
2018-04-23 17:00:00,3.4090614
2018-04-23 18:00:00,3.4073014
2018-04-23 19:00:00,3.4094365
2018-04-23 20:00:00,3.4067383
2018-04-23 21:00:00,3.4054155
2018-04-23 22:00:00,3.4103925
2018-04-23 23:00:00,3.408871
2018-04-24 00:00:00,3.402058
2018-04-24 01:00:00,3.4078348
2018-04-24 02:00:00,3.4094853
2018-04-24 03:00:00,3.4078014
2018-04-24 04:00:00,3.404958
2018-04-24 05:00:00,3.4040644
2018-04-24 06:00:00,3.4059842
2018-04-24 07:00:00,3.4084315
2018-04-24 08:00:00,3.409413
2018-04-24 09:00:00,3.4070256
2018-04-24 10:00:00,3.4088168
2018-04-24 11:00:00,3.4072018
2018-04-24 12:00:00,3.4061167
2018-04-24 13:00:00,3.4048886
2018-04-24 14:00:00,3.403287
2018-04-24 15:00:00,3.4036782
2018-04-24 16:00:00,3.4026425
2018-04-24 17:00:00,3.4006913
2018-04-24 18:00:00,3.405221
2018-04-24 19:00:00,3.4060018
2018-04-24 20:00:00,3.4054756
2018-04-24 21:00:00,3.401733
2018-04-24 22:00:00,3.4002593
2018-04-24 23:00:00,3.4027061
2018-04-25 00:00:00,3.4056642
2018-04-25 01:00:00,3.4033659
2018-04-25 02:00:00,3.4024851
2018-04-25 03:00:00,3.4076207
2018-04-25 04:00:00,3.4046106
2018-04-25 05:00:00,3.4043443
2018-04-25 06:00:00,3.405595
2018-04-25 07:00:00,3.4062908
2018-04-25 08:00:00,3.4038925
2018-04-25 09:00:00,3.4019754
2018-04-25 10:00:00,3.3998
2018-04-25 11:00:00,3.4066172
2018-04-25 12:00:00,3.4058204
2018-04-25 13:00:00,3.406532
2018-04-25 14:00:00,3.4095747
2018-04-25 15:00:00,3.406018
2018-04-25 16:00:00,3.4049468
2018-04-25 17:00:00,3.412475
2018-04-25 18:00:00,3.4105933
2018-04-25 19:00:00,3.409133
2018-04-25 20:00:00,3.4152594
2018-04-25 21:00:00,3.4114602
2018-04-25 22:00:00,3.4158921
2018-04-25 23:00:00,3.4171665
2018-04-26 00:00:00,3.4238057
2018-04-26 01:00:00,3.4201243
2018-04-26 02:00:00,3.4169028
2018-04-26 03:00:00,3.4177785
2018-04-26 04:00:00,3.421182
2018-04-26 05:00:00,3.4283972
2018-04-26 06:00:00,3.428728
2018-04-26 07:00:00,3.418404
2018-04-26 08:00:00,3.4225194
2018-04-26 09:00:00,3.4273632
2018-04-26 10:00:00,3.4325273
2018-04-26 11:00:00,3.4338448
2018-04-26 12:00:00,3.4219236
2018-04-26 13:00:00,3.4242291
2018-04-26 14:00:00,3.4273882
2018-04-26 15:00:00,3.4256845
2018-04-26 16:00:00,3.4222827
2018-04-26 17:00:00,3.418095
2018-04-26 18:00:00,3.420035
2018-04-26 19:00:00,3.4241405
2018-04-26 20:00:00,3.4198625
2018-04-26 21:00:00,3.4193377
2018-04-26 22:00:00,3.4217086
2018-04-26 23:00:00,3.411529
2018-04-27 00:00:00,3.4152515
2018-04-27 01:00:00,3.4175267
2018-04-27 02:00:00,3.4160008
2018-04-27 03:00:00,3.419222
2018-04-27 04:00:00,3.4115038
2018-04-27 05:00:00,3.4112663
2018-04-27 06:00:00,3.419852
2018-04-27 07:00:00,3.4147856
2018-04-27 08:00:00,3.4127207
2018-04-27 09:00:00,3.4123812
2018-04-27 10:00:00,3.4084008
2018-04-27 11:00:00,3.407268
2018-04-27 12:00:00,3.4013348
2018-04-27 13:00:00,3.4086533
2018-04-27 14:00:00,3.4110532
2018-04-27 15:00:00,3.406014
2018-04-27 16:00:00,3.4009798
2018-04-27 17:00:00,3.4016852
2018-04-27 18:00:00,3.4044423
2018-04-27 19:00:00,3.40618
2018-04-27 20:00:00,3.3942132
2018-04-27 21:00:00,3.3969748
2018-04-27 22:00:00,3.40057
2018-04-27 23:00:00,3.3971848
2018-04-28 00:00:00,3.395649
2018-04-28 01:00:00,3.3964055
2018-04-28 02:00:00,3.3984473
2018-04-28 03:00:00,3.4017649
2018-04-28 04:00:00,3.4009328
2018-04-28 05:00:00,3.40476
2018-04-28 06:00:00,3.4051468
2018-04-28 07:00:00,3.4027555
2018-04-28 08:00:00,3.408701
2018-04-28 09:00:00,3.4031208
2018-04-28 10:00:00,3.4084923
2018-04-28 11:00:00,3.4063811
2018-04-28 12:00:00,3.4037008
2018-04-28 13:00:00,3.4101248
2018-04-28 14:00:00,3.4061108
2018-04-28 15:00:00,3.412056
2018-04-28 16:00:00,3.4124765
2018-04-28 17:00:00,3.4114203
2018-04-28 18:00:00,3.4165227
2018-04-28 19:00:00,3.4117575
2018-04-28 20:00:00,3.412949
2018-04-28 21:00:00,3.412014
2018-04-28 22:00:00,3.4097748
2018-04-28 23:00:00,3.4095435
2018-04-29 00:00:00,3.4065218
2018-04-29 01:00:00,3.4097695
2018-04-29 02:00:00,3.4090757
2018-04-29 03:00:00,3.4112322
2018-04-29 04:00:00,3.4105754
2018-04-29 05:00:00,3.412003
2018-04-29 06:00:00,3.413652
2018-04-29 07:00:00,3.4132926
2018-04-29 08:00:00,3.4104693
2018-04-29 09:00:00,3.4135435
2018-04-29 10:00:00,3.411315
2018-04-29 11:00:00,3.41459
2018-04-29 12:00:00,3.4143808
2018-04-29 13:00:00,3.4067447
2018-04-29 14:00:00,3.4138896
2018-04-29 15:00:00,3.407774
2018-04-29 16:00:00,3.4129395
2018-04-29 17:00:00,3.407867
2018-04-29 18:00:00,3.4102602
2018-04-29 19:00:00,3.4127197
2018-04-29 20:00:00,3.4072728
2018-04-29 21:00:00,3.4063494
2018-04-29 22:00:00,3.4123654
2018-04-29 23:00:00,3.4105844
2018-04-30 00:00:00,3.416583
2018-04-30 01:00:00,3.419609
2018-04-30 02:00:00,3.4210458
2018-04-30 03:00:00,3.422942
2018-04-30 04:00:00,3.4232426
2018-04-30 05:00:00,3.4151545
2018-04-30 06:00:00,3.4212072
2018-04-30 07:00:00,3.419178
2018-04-30 08:00:00,3.4169497
2018-04-30 09:00:00,3.417004
2018-04-30 10:00:00,3.416957
2018-04-30 11:00:00,3.4200437
2018-04-30 12:00:00,3.4116027
2018-04-30 13:00:00,3.4130054
2018-04-30 14:00:00,3.4155827
2018-04-30 15:00:00,3.4200819
